y_true,y_pred
0,0.16521585
0,0.30869743
0,0.16144317
0,0.24519359
0,0.25284296
0,0.26203972
0,0.26782992
0,0.2793918
0,0.2793918
0,0.2685062
0,0.27159256
0,0.26375726
0,0.26375726
0,0.26241723
0,0.17477196
0,0.26241723
0,0.2703364
1,0.26154405
0,0.2199506
0,0.25479603
0,0.15828337
0,0.22684272
0,0.25085533
0,0.19313268
0,0.24117392
0,0.25085533
0,0.2429362
0,0.2429362
0,0.25085533
0,0.19717573
0,0.25446218
0,0.37899557
0,0.32752496
1,0.32752496
0,0.16371743
0,0.32374528
0,0.2586628
0,0.32778606
1,0.32778606
1,0.27758193
0,0.17550887
0,0.23644318
0,0.24329886
0,0.16867514
1,0.2998427
0,0.2666245
0,0.2740695
0,0.27760047
0,0.2740695
0,0.24592496
0,0.28677583
0,0.17900845
0,0.28398544
0,0.20909895
0,0.3034665
0,0.28988385
0,0.28635287
0,0.30587688
0,0.26751065
0,0.17916743
1,0.31914887
1,0.2680281
1,0.30091524
0,0.2953115
0,0.31259423
0,0.31461966
0,0.32773396
1,0.34346813
1,0.3499318
1,0.3499318
1,0.34201264
0,0.17558748
0,0.29456967
1,0.2965534
0,0.15402599
0,0.29445106
0,0.2965534
0,0.2965534
0,0.29344532
0,0.31318885
0,0.26468006
1,0.32694975
1,0.32022697
0,0.17162502
1,0.302659
1,0.27642775
0,0.16952266
0,0.16713755
0,0.27814594
0,0.20915617
1,0.31384268
0,0.26778814
1,0.2501134
0,0.17802195
0,0.20775187
0,0.27929974
0,0.25331998
0,0.25331998
0,0.21723673
0,0.25069565
1,0.30051088
0,0.16344544
0,0.2957225
0,0.16344544
0,0.28519267
0,0.29781976
0,0.27642775
0,0.26126236
0,0.26126236
0,0.26126236
0,0.166941
0,0.25854453
0,0.27074346
0,0.26705256
0,0.26352158
0,0.27176777
0,0.24696289
0,0.25478405
0,0.2430222
0,0.25219753
0,0.2430222
0,0.24100487
0,0.23723203
1,0.28631023
0,0.2650987
1,0.28634202
0,0.26872694
0,0.18533452
0,0.25546524
0,0.27096352
0,0.24886866
1,0.26468423
0,0.24886866
0,0.24886866
0,0.23800912
0,0.2597046
0,0.26866063
0,0.2718694
0,0.24832706
0,0.24832706
1,0.31410527
1,0.25197098
0,0.24513724
1,0.24863683
0,0.2478245
0,0.25225648
0,0.25546524
0,0.25750935
0,0.26888686
0,0.21536705
0,0.26706302
0,0.3008271
0,0.25088182
0,0.2543549
0,0.23177436
0,0.22476894
0,0.22813046
1,0.26975045
1,0.24517953
0,0.24197079
0,0.18743688
0,0.22884607
0,0.24022357
0,0.21765196
0,0.18533452
0,0.24022357
0,0.18469137
0,0.24424994
0,0.24424994
0,0.18948099
0,0.24832706
0,0.24511832
0,0.24424994
0,0.24424994
0,0.2410412
0,0.24424994
0,0.24424994
0,0.26957557
0,0.28737158
0,0.18397579
0,0.24517953
0,0.24517953
0,0.2564595
0,0.24100487
0,0.24100487
0,0.17285028
0,0.27595952
0,0.20804255
0,0.26901966
0,0.17816107
0,0.18064357
0,0.18832345
0,0.19570069
0,0.19155051
0,0.1908349
0,0.31992492
1,0.45540488
1,0.39284685
0,0.21723272
0,0.17244773
0,0.22802101
0,0.25931677
1,0.26107904
0,0.25452715
0,0.16850702
0,0.17630629
0,0.2780606
0,0.2650987
1,0.26546344
1,0.27378404
0,0.2487097
0,0.1833015
0,0.18242876
0,0.26984012
0,0.25438547
0,0.28708383
0,0.25438547
0,0.23074245
0,0.18850616
0,0.2534322
0,0.2534322
0,0.24424994
0,0.22476894
0,0.22334084
0,0.22813046
0,0.24424994
0,0.24000195
0,0.2389971
1,0.24774952
0,0.18614684
1,0.25750935
1,0.19093646
0,0.24151346
0,0.19671296
0,0.20085943
0,0.19389269
0,0.2032089
0,0.1877056
0,0.19575061
0,0.19036241
0,0.19340117
0,0.22798632
0,0.25750935
0,0.23726037
0,0.20085943
1,0.32736468
0,0.1960698
0,0.20085943
0,0.19077031
0,0.20085943
0,0.20085943
0,0.19287267
0,0.20085943
0,0.20085943
0,0.17107327
0,0.19340117
0,0.18861152
0,0.19340117
0,0.17761916
0,0.17761916
0,0.16805632
0,0.16805632
0,0.16691731
0,0.1648732
0,0.1700712
0,0.1700712
0,0.1700712
0,0.1700712
0,0.17365605
0,0.17365605
0,0.18358338
0,0.17365605
0,0.17365605
0,0.17365605
0,0.17365605
0,0.17365605
0,0.17365605
0,0.17926589
1,0.21016704
1,0.19236295
0,0.18416986
0,0.17121388
0,0.17121388
0,0.17121388
0,0.16375344
0,0.17284502
0,0.19121072
0,0.17699149
0,0.17699149
0,0.17494738
0,0.18691885
0,0.18691885
0,0.17699149
0,0.17284502
0,0.17284502
0,0.15607354
0,0.16375344
0,0.15193512
0,0.15961501
0,0.15720811
0,0.15003721
0,0.14492929
0,0.13887
0,0.14654988
0,0.1463018
0,0.13862191
0,0.207544
0,0.18528768
0,0.18528768
1,0.17536035
1,0.17536035
1,0.16917782
1,0.17910515
0,0.17069542
0,0.16076809
0,0.16287045
0,0.16287045
1,0.16149794
1,0.16149794
1,0.16917782
1,0.1687066
1,0.16312908
1,0.18073632
0,0.16942081
0,0.17152317
0,0.17992285
0,0.16159584
0,0.1620947
0,0.1568217
0,0.1568217
0,0.15949348
1,0.16159584
1,0.1568217
1,0.1568217
0,0.14798602
0,0.15791336
0,0.14531425
0,0.15813923
0,0.15058725
0,0.14531425
0,0.14531425
0,0.14531425
0,0.14531425
0,0.14531425
0,0.1434313
0,0.13412029
0,0.13412029
0,0.13412029
0,0.13412029
0,0.1440476
0,0.13412029
0,0.14562772
0,0.14562772
0,0.14562772
0,0.14562772
0,0.15845273
0,0.17879054
0,0.15519056
0,0.17794287
0,0.15519056
0,0.15519056
0,0.14562772
0,0.14562772
0,0.16511789
0,0.14562772
0,0.14562772
0,0.14562772
0,0.2336413
0,0.18901424
0,0.15519056
0,0.15519056
0,0.16804549
0,0.15519056
0,0.15519056
0,0.16287045
0,0.15519056
0,0.15519056
0,0.15519056
0,0.29685634
0,0.29685634
0,0.23581433
0,0.3131547
0,0.26358926
0,0.3101945
0,0.3101945
0,0.30611736
0,0.26916534
0,0.18058601
0,0.27632964
0,0.31633735
0,0.17056683
0,0.30696926
1,0.3664717
0,0.23558629
0,0.25790206
1,0.27956724
0,0.1986487
1,0.31396046
1,0.26576304
1,0.26576304
0,0.1986487
0,0.2636607
1,0.31367207
1,0.26969108
1,0.30344835
1,0.31367207
0,0.22069982
0,0.23424585
0,0.20930642
0,0.22080833
0,0.25492278
0,0.2569669
0,0.26326275
0,0.2683603
0,0.16829796
0,0.3059439
0,0.30930543
0,0.28797102
0,0.25257996
0,0.31367207
1,0.3170336
0,0.22500317
0,0.19071847
0,0.25368637
0,0.27126604
1,0.27944565
1,0.27944565
1,0.28148976
1,0.28148976
0,0.16549675
0,0.17309639
0,0.18261075
0,0.17472753
0,0.17472753
0,0.17472753
0,0.16626625
0,0.17182177
0,0.16977766
0,0.17182177
0,0.20691118
0,0.17472753
0,0.17127436
0,0.17309639
0,0.16759911
0,0.17309639
0,0.16353355
0,0.15949015
0,0.17309639
0,0.18302372
0,0.16490652
0,0.16905299
0,0.16905299
0,0.20528004
0,0.16964322
0,0.17309639
0,0.17309639
0,0.17309639
0,0.16905299
0,0.15949015
0,0.15949015
0,0.15949015
0,0.15949015
0,0.15949015
0,0.16941749
0,0.15949015
0,0.15949015
0,0.17898032
1,0.16905299
1,0.20941603
1,0.16905299
0,0.16490652
0,0.16490652
0,0.17687796
0,0.16905299
0,0.17898032
0,0.16905299
0,0.18061146
0,0.16653766
0,0.16534282
0,0.16056868
0,0.16300423
0,0.1694893
0,0.16300423
0,0.1694893
0,0.1694893
0,0.15515235
0,0.15992649
0,0.15344141
0,0.15181026
0,0.15181026
0,0.14372982
0,0.21765417
0,0.22758153
0,0.15726598
1,0.16494587
1,0.20997427
1,0.21701552
1,0.22228852
0,0.16604061
0,0.16076763
0,0.16076763
0,0.17007865
0,0.1985451
0,0.18210834
0,0.16450113
0,0.17218101
0,0.15442891
0,0.16977412
0,0.16450113
0,0.15279776
0,0.15279776
0,0.15279776
0,0.15279776
0,0.17555006
1,0.26315162
0,0.21953711
0,0.16076763
0,0.16076763
1,0.1804772
1,0.1804772
0,0.16844751
0,0.16554175
0,0.16076763
1,0.1780703
1,0.16767175
1,0.17710023
0,0.16450113
0,0.15089133
0,0.15089133
0,0.1655928
0,0.1529937
0,0.16769516
0,0.1529937
0,0.1529937
0,0.17659369
0,0.1529937
0,0.1529937
0,0.15089133
0,0.16292103
0,0.15136255
0,0.15663555
0,0.1436831
0,0.13412029
0,0.13412029
0,0.1517275
0,0.1436831
0,0.14562772
0,0.14562772
0,0.14562772
0,0.14562772
0,0.15555505
0,0.15555505
0,0.15330762
0,0.14562772
0,0.15330762
0,0.14562772
0,0.16323495
1,0.2432041
0,0.16287045
0,0.16076809
0,0.1583612
0,0.15799217
0,0.17918424
0,0.1920361
0,0.16567206
0,0.1755994
0,0.16326517
0,0.15555158
0,0.16323148
0,0.16082458
0,0.16323148
0,0.18233716
0,0.16323148
0,0.15555158
0,0.15555158
0,0.15555158
0,0.16082458
0,0.15555158
0,0.15555158
0,0.15555158
0,0.15555158
0,0.15555158
0,0.15555158
0,0.16082458
0,0.16323148
0,0.16082458
0,0.17163114
0,0.15555158
0,0.15555158
0,0.16082458
0,0.16323148
0,0.16323148
0,0.15555158
0,0.15555158
0,0.16323148
0,0.15555158
0,0.16323148
0,0.16082458
0,0.15555158
0,0.16323148
0,0.16323148
0,0.16323148
0,0.16323148
0,0.16323148
0,0.16323148
0,0.16323148
0,0.16323148
1,0.16323148
1,0.16323148
1,0.16323148
0,0.16323148
0,0.14668941
0,0.14668941
0,0.14483881
0,0.14668941
0,0.17163114
0,0.1857853
0,0.16929077
0,0.16323148
0,0.16323148
0,0.16323148
0,0.14668941
0,0.14668941
0,0.14668941
0,0.14668941
0,0.14668941
0,0.14668941
0,0.14668941
0,0.16323148
0,0.13900952
0,0.14668941
0,0.14668941
0,0.14668941
0,0.14428252
0,0.14668941
0,0.13900952
0,0.13715892
0,0.13900952
0,0.13715892
0,0.14483881
0,0.13715892
0,0.13715892
0,0.13715892
0,0.13715892
0,0.14243191
0,0.13900952
0,0.13900952
0,0.13900952
0,0.13900952
0,0.13715892
0,0.13715892
0,0.13788976
0,0.13788976
0,0.13158238
0,0.13158238
0,0.13158238
0,0.13158238
0,0.13158238
0,0.13158238
0,0.13926226
0,0.13926226
0,0.13158238
0,0.13926226
0,0.13158238
0,0.13158238
0,0.13685536
0,0.13158238
0,0.13926226
0,0.13158238
0,0.13158238
0,0.13158238
0,0.13158238
0,0.13926226
0,0.13158238
0,0.13926226
0,0.13926226
0,0.13685536
0,0.13158238
0,0.13158238
0,0.13926226
0,0.13926226
0,0.13926226
0,0.13158238
0,0.13158238
0,0.13158238
0,0.13158238
0,0.13158238
0,0.13158238
0,0.13158238
0,0.13158238
0,0.13158238
0,0.13158238
0,0.13158238
0,0.13158238
0,0.13158238
0,0.13158238
0,0.13158238
0,0.13158238
0,0.13158238
0,0.13158238
0,0.13158238
0,0.13158238
0,0.13158238
0,0.13158238
0,0.13158238
0,0.13158238
0,0.13158238
0,0.13158238
0,0.13158238
0,0.13158238
0,0.13158238
0,0.13158238
0,0.13158238
0,0.13158238
0,0.13158238
0,0.13158238
0,0.13158238
0,0.13158238
0,0.13158238
0,0.13158238
0,0.13158238
0,0.13158238
0,0.13158238
0,0.13158238
0,0.13158238
0,0.13158238
0,0.13158238
0,0.13158238
0,0.13158238
0,0.13158238
0,0.13158238
0,0.13158238
0,0.13158238
0,0.13158238
0,0.13158238
0,0.13158238
0,0.13158238
0,0.13685536
0,0.13926226
0,0.13158238
0,0.13158238
0,0.13158238
0,0.15244447
0,0.13926226
0,0.13158238
0,0.13158238
0,0.13158238
0,0.13158238
0,0.13158238
0,0.13158238
0,0.13158238
0,0.13158238
0,0.13158238
0,0.13158238
0,0.13158238
0,0.13158238
0,0.27711552
0,0.27711552
1,0.2828265
1,0.28093177
0,0.25344062
1,0.2548961
1,0.26306072
1,0.27579334
0,0.21794061
0,0.16549675
0,0.16127002
0,0.18657544
0,0.1829336
0,0.19677518
0,0.19677518
0,0.19273178
0,0.16096012
0,0.1636319
0,0.22109723
1,0.21438238
1,0.20005365
0,0.16359447
0,0.17019063
0,0.15781686
0,0.1654165
0,0.18302372
0,0.1953195
0,0.2028239
0,0.31992006
1,0.29029396
1,0.288819
0,0.21648861
0,0.21994178
0,0.19082287
0,0.19627057
0,0.1984225
0,0.21994178
0,0.20280941
0,0.23001187
0,0.24088566
0,0.26991862
0,0.24672125
1,0.2501744
0,0.20814666
0,0.22152708
0,0.21807392
0,0.22152708
0,0.22228834
0,0.21247141
0,0.22748259
0,0.22748259
0,0.20977636
1,0.26155636
1,0.23962495
1,0.24383937
0,0.20162281
0,0.17010452
0,0.23294993
0,0.20437801
0,0.20437801
0,0.20437801
0,0.20033461
0,0.1621306
0,0.16242462
0,0.1673286
0,0.15722662
0,0.15181026
0,0.15181026
0,0.15181026
0,0.15181026
0,0.15181026
0,0.15181026
0,0.15181026
0,0.16173759
0,0.15181026
0,0.15181026
0,0.18153782
0,0.18481629
0,0.18481629
0,0.18481629
0,0.18481629
0,0.20250426
0,0.21087584
0,0.21000427
0,0.22876945
0,0.2090252
0,0.23078024
0,0.20023479
0,0.21005172
0,0.19936322
0,0.2121729
0,0.19888408
0,0.21032228
0,0.19513725
0,0.17438252
0,0.18452924
0,0.1932552
0,0.18419945
0,0.18419945
0,0.17438252
0,0.17248462
0,0.17248462
0,0.17438252
0,0.18343827
1,0.20368962
0,0.18394534
0,0.17225263
0,0.1615137
0,0.1791209
0,0.16479217
0,0.17179182
0,0.1781273
0,0.16630208
0,0.15513484
0,0.16495177
0,0.15080765
0,0.15330762
0,0.18390152
0,0.17107652
0,0.1777628
0,0.16819999
1,0.17801692
1,0.16479217
0,0.1615137
0,0.14562772
0,0.15555505
0,0.14372982
0,0.13862191
0,0.14372982
0,0.14372982
0,0.14372982
0,0.13419376
0,0.13419376
0,0.13419376
0,0.14025305
0,0.13256262
0,0.14372982
0,0.14372982
0,0.14372982
0,0.14372982
0,0.14372982
0,0.13862191
0,0.14344858
0,0.1596158
0,0.15450792
0,0.14844856
0,0.14844856
0,0.13256262
0,0.13256262
0,0.13256262
0,0.13256262
1,0.13256262
0,0.13256262
0,0.13256262
0,0.13256262
0,0.13256262
0,0.13256262
0,0.13256262
0,0.13419376
0,0.13419376
0,0.13419376
0,0.13419376
0,0.13419376
0,0.13419376
0,0.13419376
0,0.13256262
0,0.13256262
0,0.13256262
0,0.13158238
0,0.13158238
0,0.13158238
0,0.13158238
0,0.13158238
0,0.13158238
0,0.13158238
0,0.13158238
0,0.13256262
0,0.13256262
0,0.14024252
0,0.14872158
0,0.13256262
0,0.14372982
0,0.15365715
0,0.14372982
0,0.13256262
0,0.14372982
0,0.13862191
0,0.13256262
0,0.14344858
1,0.1717325
0,0.1490174
0,0.15669729
0,0.1482311
0,0.150638
0,0.150638
0,0.1429581
0,0.1429581
0,0.1429581
0,0.150638
0,0.1429581
0,0.1429581
0,0.150638
0,0.150638
0,0.1429581
0,0.1482311
0,0.1429581
0,0.14792196
0,0.150638
0,0.19588815
0,0.14544076
0,0.14630136
0,0.14024207
0,0.150638
0,0.1429581
0,0.150638
0,0.150638
0,0.13973266
0,0.14024207
0,0.150638
1,0.1617735
1,0.15936661
1,0.15050876
1,0.15050876
1,0.15050876
0,0.150638
0,0.1784278
0,0.18725348
0,0.18725348
0,0.16927525
0,0.16977412
0,0.16450113
0,0.17970145
0,0.16239877
0,0.15442891
0,0.16435622
0,0.16239877
0,0.15442891
0,0.15575646
0,0.15442891
0,0.15575646
0,0.14899811
0,0.14755748
0,0.16225894
0,0.14628208
0,0.1372418
0,0.13868243
0,0.14592634
0,0.14736697
0,0.14898758
0,0.14130768
0,0.13808224
0,0.14130768
0,0.14898758
0,0.1429581
0,0.14197786
0,0.14725085
0,0.14197786
0,0.14197786
0,0.1580574
0,0.14965774
0,0.14197786
0,0.14197786
0,0.14197786
0,0.14197786
0,0.14197786
0,0.14197786
0,0.14197786
0,0.14197786
0,0.14197786
0,0.14965774
0,0.14197786
0,0.14197786
0,0.14725085
0,0.13875242
0,0.14197786
0,0.14197786
0,0.14197786
0,0.14197786
0,0.14197786
1,0.14197786
0,0.14197786
0,0.14197786
0,0.14197786
0,0.14197786
0,0.14197786
0,0.14197786
0,0.143609
0,0.143609
0,0.143609
0,0.143609
0,0.143609
0,0.143609
0,0.14195858
0,0.14195858
0,0.14195858
0,0.14195858
0,0.14195858
0,0.14195858
0,0.14195858
0,0.14195858
0,0.14195858
0,0.14197786
0,0.14197786
0,0.14197786
0,0.14197786
0,0.14725085
0,0.14197786
0,0.14197786
0,0.14197786
0,0.14197786
0,0.14197786
0,0.14197786
0,0.14197786
0,0.14197786
0,0.14197786
0,0.14197786
0,0.14197786
0,0.14197786
0,0.14197786
0,0.14197786
0,0.14197786
0,0.14197786
0,0.14197786
0,0.14197786
0,0.14197786
0,0.17569487
0,0.14197786
0,0.14197786
0,0.13926183
0,0.13926183
0,0.1469417
0,0.1440254
0,0.14630307
0,0.14952852
0,0.15415539
0,0.1469417
0,0.13926183
0,0.14630307
0,0.14952852
0,0.14952852
0,0.14952852
0,0.14952852
0,0.14952852
0,0.14952852
0,0.14952852
0,0.14952852
0,0.14952852
1,0.14952852
0,0.14952852
0,0.14952852
0,0.14952852
0,0.14952852
0,0.15244447
0,0.13158238
0,0.13158238
0,0.13158238
0,0.13158238
0,0.13158238
0,0.13158238
0,0.13158238
0,0.13158238
0,0.13158238
0,0.13158238
0,0.13158238
0,0.13158238
0,0.13158238
0,0.13158238
0,0.13158238
0,0.15244447
0,0.13158238
0,0.13158238
0,0.13516723
0,0.13516723
0,0.13516723
0,0.13516723
0,0.13516723
0,0.13516723
0,0.15876892
0,0.1544189
0,0.14601922
0,0.14416862
0,0.14176172
0,0.14601922
0,0.14766964
0,0.14581904
0,0.13813916
0,0.14024252
0,0.13783562
0,0.13158238
0,0.13158238
0,0.13685536
0,0.13158238
0,0.14483881
0,0.13158238
0,0.13158238
0,0.15181182
0,0.13813916
0,0.14581904
0,0.13813916
0,0.13256262
0,0.13256262
0,0.13158238
0,0.13158238
0,0.13158238
0,0.13158238
0,0.13158238
0,0.13158238
0,0.13158238
0,0.13158238
1,0.13158238
1,0.13158238
1,0.13158238
1,0.13158238
0,0.13158238
0,0.13798764
0,0.1427763
1,0.17995042
0,0.15394355
0,0.15565448
0,0.15355211
1,0.16674903
0,0.1537391
0,0.15356955
0,0.13618176
0,0.1438612
0,0.13618176
0,0.14244907
0,0.14244907
0,0.1315631
0,0.1315631
0,0.1315631
0,0.13924298
0,0.1315631
0,0.12993196
0,0.12993196
0,0.12993196
0,0.12993196
0,0.13761184
0,0.13761184
0,0.13926226
0,0.13926226
0,0.13158238
0,0.13685536
0,0.13926226
0,0.13926226
0,0.13158238
0,0.13158238
0,0.13158238
0,0.13158238
0,0.13158238
0,0.13158238
0,0.13158238
0,0.13158238
0,0.13158238
0,0.13158238
0,0.13158238
0,0.13158238
0,0.13158238
0,0.13158238
0,0.13158238
0,0.13158238
0,0.13158238
0,0.13158238
0,0.13158238
0,0.13158238
0,0.13158238
0,0.13158238
0,0.13158238
0,0.13158238
0,0.13158238
0,0.13158238
0,0.13158238
0,0.13158238
0,0.13158238
0,0.13158238
0,0.13158238
0,0.13158238
0,0.13158238
0,0.13158238
0,0.13158238
0,0.13158238
0,0.13158238
0,0.13158238
0,0.13158238
0,0.13158238
0,0.13158238
0,0.13158238
0,0.13158238
0,0.13158238
0,0.13158238
0,0.13158238
0,0.13158238
0,0.13158238
0,0.13158238
0,0.14766194
0,0.13158238
0,0.13158238
0,0.13158238
0,0.13158238
0,0.13158238
0,0.13926226
0,0.13926226
0,0.13516723
0,0.1428471
0,0.13516723
0,0.1428471
0,0.13516723
0,0.13158238
0,0.13158238
0,0.13158238
0,0.13158238
0,0.13158238
0,0.13158238
0,0.13158238
0,0.16529943
0,0.13158238
0,0.13158238
0,0.13158238
0,0.13158238
0,0.13158238
0,0.13158238
0,0.13158238
0,0.13158238
0,0.13158238
0,0.13158238
0,0.13158238
0,0.13158238
0,0.13158238
0,0.13158238
0,0.13158238
0,0.13158238
0,0.13158238
0,0.13158238
0,0.13158238
0,0.13158238
0,0.13158238
0,0.13158238
0,0.13158238
0,0.13158238
0,0.13158238
0,0.13158238
0,0.13158238
0,0.13158238
0,0.13158238
0,0.13158238
0,0.13158238
0,0.13158238
0,0.13158238
0,0.13158238
0,0.13158238
0,0.13158238
0,0.13158238
0,0.13158238
0,0.13158238
0,0.13158238
0,0.13158238
0,0.13685536
0,0.14440738
0,0.13158238
0,0.13158238
0,0.13158238
0,0.13158238
0,0.13158238
0,0.13926226
0,0.13926226
0,0.13926226
0,0.13926226
1,0.15818866
0,0.15818866
0,0.15818866
0,0.15818866
0,0.1572084
0,0.15398295
0,0.13926226
0,0.13926226
0,0.13685536
0,0.13926226
0,0.13685536
0,0.13926226
0,0.13926226
0,0.13926226
0,0.13926226
0,0.13685536
0,0.13158238
0,0.13926226
0,0.13926226
0,0.13926226
0,0.13926226
0,0.13926226
0,0.13926226
0,0.13158238
0,0.13158238
0,0.13158238
0,0.13158238
0,0.13158238
0,0.13158238
0,0.13158238
0,0.13926226
0,0.13685536
0,0.13158238
0,0.13926226
0,0.13926226
0,0.13926226
0,0.13158238
0,0.13158238
1,0.1408934
0,0.13321352
0,0.13321352
0,0.13492446
0,0.13321352
0,0.1408934
0,0.13321352
0,0.13321352
0,0.13321352
0,0.1408934
0,0.13321352
0,0.13321352
0,0.13321352
0,0.1408934
0,0.13321352
0,0.1408934
0,0.1408934
0,0.13321352
0,0.13321352
0,0.1384865
0,0.13926226
0,0.13158238
0,0.13158238
0,0.13926226
0,0.13158238
0,0.13158238
0,0.13158238
0,0.13158238
0,0.13158238
0,0.13158238
0,0.13158238
0,0.13158238
0,0.13158238
0,0.13158238
0,0.13158238
0,0.13158238
0,0.13158238
0,0.13158238
0,0.13158238
0,0.13158238
0,0.13158238
0,0.13158238
0,0.13158238
0,0.13158238
0,0.13158238
0,0.13158238
0,0.13158238
0,0.13158238
0,0.13158238
0,0.13158238
0,0.13321352
0,0.13158238
0,0.13158238
0,0.13158238
0,0.13321352
0,0.13321352
0,0.13321352
0,0.13321352
1,0.13321352
1,0.13321352
1,0.13321352
1,0.13321352
0,0.13321352
0,0.13321352
0,0.13321352
0,0.13321352
0,0.1315631
0,0.1315631
0,0.1315631
0,0.1315631
0,0.1315631
0,0.1315631
0,0.1315631
0,0.1315631
0,0.1315631
0,0.1315631
0,0.1315631
0,0.1315631
0,0.13761184
0,0.12993196
0,0.12993196
0,0.12993196
0,0.12993196
0,0.13761184
0,0.14440738
0,0.13158238
0,0.13158238
0,0.13158238
0,0.13158238
0,0.13158238
0,0.13158238
0,0.13158238
0,0.13158238
0,0.13158238
0,0.13158238
0,0.13158238
0,0.13158238
0,0.13158238
0,0.14440738
0,0.13158238
0,0.13158238
0,0.13158238
0,0.13158238
0,0.13158238
0,0.13158238
0,0.13158238
0,0.13158238
0,0.13158238
0,0.13158238
0,0.13158238
0,0.13158238
0,0.13158238
0,0.13158238
0,0.13158238
0,0.13158238
0,0.13158238
0,0.13158238
0,0.13158238
0,0.13158238
0,0.13158238
0,0.13158238
0,0.13158238
0,0.13158238
0,0.13158238
0,0.15518408
0,0.15244447
0,0.13158238
0,0.13158238
0,0.13158238
0,0.13158238
0,0.13158238
0,0.13158238
0,0.13158238
0,0.13158238
0,0.13158238
0,0.13158238
0,0.13158238
0,0.13158238
0,0.13158238
0,0.13158238
0,0.13158238
0,0.15329213
0,0.13685536
0,0.13158238
0,0.13158238
0,0.13158238
0,0.13158238
0,0.14440738
0,0.13926226
0,0.14246833
0,0.15518408
1,0.2734605
0,0.15999848
0,0.31770018
0,0.2923481
0,0.31980252
0,0.31980252
0,0.2886953
0,0.33118004
0,0.3166945
0,0.32805556
0,0.31558955
0,0.29237425
0,0.3289746
0,0.32037917
0,0.3112038
0,0.27840927
0,0.3138747
0,0.3178154
0,0.26608276
1,0.35162783
0,0.2800966
1,0.2800966
0,0.16875377
0,0.2563899
1,0.2992882
1,0.27842063
1,0.3393315
1,0.3071859
1,0.30923
0,0.16875377
1,0.3071859
1,0.34039545
1,0.33664936
1,0.33664936
0,0.17952818
0,0.22939847
0,0.22948019
0,0.33965454
1,0.37418157
0,0.1785476
1,0.32744434
0,0.1806442
0,0.17468327
0,0.27257413
1,0.34276256
1,0.33138505
0,0.16262124
0,0.32116133
0,0.22623987
0,0.21531577
0,0.33965454
0,0.17164873
0,0.34351307
0,0.2051485
0,0.33571383
1,0.38078704
0,0.2963314
0,0.16805531
0,0.29080883
0,0.31273648
0,0.31273648
0,0.31273648
0,0.16521585
0,0.3343377
0,0.2839215
0,0.33571383
0,0.26776576
0,0.32433632
0,0.32433632
1,0.33213556
0,0.29409677
0,0.33664936
0,0.33664936
0,0.33664936
0,0.34933293
0,0.32524663
0,0.31989855
1,0.33795542
1,0.33795542
0,0.31602353
0,0.33009472
1,0.3653484
1,0.35742924
0,0.1724123
1,0.36845645
0,0.20070566
0,0.20549528
0,0.1599351
0,0.32678717
1,0.35057676
0,0.33919924
1,0.33919924
0,0.29629177
0,0.15605403
0,0.3165749
0,0.38266093
1,0.33101627
1,0.3712834
1,0.3400319
0,0.17755182
1,0.3422401
1,0.3631995
1,0.32864326
0,0.19124627
0,0.14828259
0,0.24462636
0,0.21154997
0,0.24091871
0,0.15144324
0,0.2575491
0,0.24221449
0,0.22039457
0,0.2052169
0,0.14939913
0,0.2605754
0,0.30425665
1,0.37360156
0,0.17498314
0,0.20410039
0,0.32688323
0,0.24291252
0,0.22435853
1,0.33741307
0,0.24363886
0,0.2479196
0,0.24770214
0,0.21353823
0,0.24709414
0,0.31330636
0,0.31989086
0,0.31449506
0,0.35566488
0,0.35566488
0,0.40168747
0,0.3191568
0,0.33462933
1,0.33818838
0,0.23002094
0,0.25525516
0,0.27844322
0,0.28636238
0,0.26163146
0,0.29076388
0,0.25102502
0,0.2832148
0,0.28692186
0,0.24647869
1,0.31302345
1,0.3102449
0,0.2791427
0,0.31557822
0,0.17030305
0,0.3033688
0,0.3147077
0,0.31117672
0,0.31779727
0,0.30583647
0,0.3248899
0,0.26618028
0,0.17160933
1,0.28384668
0,0.36035284
1,0.35805368
1,0.35586262
0,0.16875377
1,0.35297564
1,0.34903494
1,0.24900793
0,0.17101733
0,0.3367139
0,0.3458526
0,0.33530012
1,0.33530012
1,0.3458526
0,0.20471492
1,0.25019026
0,0.18325834
0,0.3458526
0,0.3612451
1,0.43193585
1,0.2585599
1,0.2219399
0,0.2893435
1,0.36240518
0,0.33959827
1,0.37250715
0,0.292309
1,0.35632792
1,0.35632792
1,0.14921257
1,0.14921257
1,0.14921257
0,0.15689246
0,0.14921257
0,0.1679195
0,0.15799217
0,0.15799217
0,0.18074448
0,0.16157702
0,0.14921257
0,0.17150435
0,0.16157702
0,0.19718428
0,0.1726846
0,0.15799217
0,0.18077444
1,0.3024109
0,0.15901971
1,0.33799836
0,0.16531338
0,0.16621278
0,0.17299046
0,0.16429271
0,0.15519056
0,0.16287045
0,0.16076809
1,0.15519056
0,0.1530882
0,0.1583612
0,0.16511789
0,0.15519056
0,0.15519056
0,0.15519056
0,0.18119743
0,0.15519056
0,0.1568217
0,0.1530882
0,0.16287045
0,0.1530882
0,0.17279778
0,0.16287045
1,0.1892345
0,0.16287045
0,0.1530882
0,0.17279778
0,0.15519056
0,0.15519056
0,0.15799217
0,0.15799217
0,0.15471934
0,0.15471934
0,0.15471934
0,0.17442892
0,0.19086564
0,0.16287045
0,0.15519056
0,0.15519056
0,0.15519056
0,0.1530882
0,0.15519056
0,0.15519056
0,0.14562772
0,0.14562772
0,0.15555505
0,0.14562772
0,0.14562772
0,0.14562772
0,0.14562772
0,0.14372982
0,0.14372982
0,0.13256262
0,0.13256262
0,0.13256262
0,0.20545095
0,0.18726687
0,0.18726687
0,0.18726687
0,0.17157112
0,0.20943496
0,0.17006113
0,0.1810624
0,0.17576456
0,0.15901971
0,0.16429271
0,0.16429271
0,0.16429271
0,0.16076809
0,0.17069542
0,0.16287045
0,0.1666996
0,0.14945689
0,0.27823514
0,0.18292055
0,0.17354202
0,0.20178641
0,0.20273757
1,0.30633906
1,0.2325162
0,0.17094916
0,0.17107327
0,0.16707546
0,0.1680886
0,0.16918395
0,0.17462951
0,0.16844697
0,0.16149794
0,0.1783743
0,0.15647724
0,0.15810838
0,0.1528354
0,0.15647724
0,0.15120426
0,0.16881147
0,0.1706621
0,0.16891474
0,0.19582656
0,0.18589926
0,0.18204649
0,0.18204649
0,0.16073477
0,0.15883687
0,0.18189596
0,0.15883687
0,0.15883687
0,0.15372899
0,0.14766964
1,0.19182326
0,0.16073477
0,0.18302652
0,0.17124858
0,0.17309925
0,0.16073477
0,0.16073477
0,0.16073477
0,0.16073477
0,0.20638178
0,0.18805481
0,0.17309925
0,0.1766841
0,0.17738207
0,0.1766841
0,0.16992946
0,0.17483343
0,0.17483343
0,0.1706603
0,0.16246898
0,0.16320597
0,0.16130196
0,0.17312716
0,0.15961501
0,0.18117592
0,0.17124858
0,0.17197943
0,0.15647724
0,0.15888414
0,0.15888414
0,0.15888414
0,0.16707546
0,0.15961501
0,0.15961501
0,0.15771711
1,0.15260917
1,0.14654988
1,0.14654988
1,0.14654988
0,0.16778967
0,0.16942081
0,0.16159584
0,0.16942081
0,0.18795988
0,0.16159584
0,0.18795988
0,0.1620947
0,0.17992285
1,0.1712171
0,0.1721134
0,0.16564058
0,0.1721134
0,0.19534695
0,0.15578079
0,0.15632954
0,0.15632954
0,0.15632954
0,0.15578079
0,0.15632954
0,0.15632954
0,0.15632954
0,0.15367843
1,0.16935585
0,0.16562141
0,0.17837484
0,0.16554175
0,0.1671729
0,0.1985451
0,0.16450113
0,0.16450113
0,0.19086564
0,0.16450159
0,0.15853262
0,0.1828286
0,0.16450159
0,0.16801554
0,0.21019846
0,0.16287045
0,0.16658396
1,0.25478017
0,0.16346069
1,0.23922089
1,0.18439814
0,0.16135833
0,0.17684118
0,0.15923396
0,0.15367843
0,0.15923396
0,0.15923396
1,0.15923396
0,0.15923396
0,0.1530882
0,0.15999234
0,0.1568217
0,0.1608651
0,0.1568217
0,0.1568217
0,0.1568217
0,0.16287045
0,0.16046356
0,0.17279778
0,0.16076809
0,0.16567206
0,0.16567206
1,0.21853288
0,0.1662623
0,0.16971546
0,0.15367843
0,0.16435294
0,0.16157702
0,0.16925691
0,0.16925691
0,0.16925691
0,0.16435294
0,0.16435294
0,0.17918424
0,0.23497261
0,0.25700885
0,0.18624422
1,0.29526806
0,0.18057963
1,0.18624422
0,0.17614225
0,0.17200382
0,0.17200382
0,0.17330031
0,0.2221177
0,0.1769078
0,0.18263674
0,0.18263674
0,0.1769078
0,0.19419521
0,0.18426788
0,0.19256407
0,0.18263674
0,0.18263674
1,0.27608725
1,0.24374942
0,0.17918357
0,0.18263674
0,0.18263674
0,0.18104622
0,0.18263674
0,0.2051171
0,0.2051171
1,0.2051171
1,0.2051171
1,0.20382065
0,0.16839634
0,0.16435294
0,0.16435294
0,0.16925691
0,0.15689246
0,0.16598408
0,0.17723054
0,0.22374885
1,0.18426788
0,0.18787536
0,0.18846627
0,0.18322764
0,0.16494317
0,0.17330031
0,0.21049578
0,0.1662623
0,0.17905189
0,0.1662623
0,0.17684118
0,0.16691385
0,0.16691385
0,0.16691385
0,0.16346069
0,0.16691385
0,0.16287045
0,0.16287045
0,0.15330762
0,0.15330762
0,0.15330762
0,0.16323495
0,0.16659647
0,0.15330762
0,0.15330762
0,0.15330762
0,0.15330762
0,0.15330762
0,0.15330762
0,0.15330762
0,0.15330762
0,0.15330762
0,0.15140972
0,0.15499456
0,0.15689246
0,0.2307059
0,0.17500849
0,0.18714781
0,0.18119231
0,0.18788466
0,0.16497585
0,0.16497585
0,0.1779573
0,0.16497585
0,0.16497585
0,0.16905299
0,0.17010452
0,0.18493582
0,0.17500849
1,0.18643521
0,0.17500849
0,0.16981049
0,0.16076809
0,0.16287045
0,0.16287045
0,0.16287045
0,0.15949015
0,0.17462951
0,0.16905299
0,0.17500849
0,0.17500849
0,0.17650788
0,0.17650788
0,0.16822056
0,0.15330762
0,0.15888414
0,0.15888414
0,0.1670641
0,0.15888414
0,0.15888414
0,0.15475202
0,0.15499456
1,0.26620412
0,0.17973782
0,0.16076809
0,0.21301529
0,0.18569583
0,0.16964322
0,0.22713807
0,0.18436183
0,0.1942891
0,0.18436183
0,0.19092758
0,0.19092758
0,0.1942891
0,0.29365572
0,0.21992628
0,0.21234845
0,0.21234845
0,0.21234845
0,0.17501576
0,0.19039284
0,0.20898692
0,0.23822266
0,0.20590402
0,0.29689592
0,0.27735046
0,0.30893552
0,0.30893552
0,0.2803507
0,0.2911844
0,0.2817033
0,0.2817033
1,0.2817033
1,0.2817033
0,0.25463912
0,0.16355927
0,0.16145691
0,0.28613678
0,0.27475926
0,0.21409586
0,0.30619687
1,0.37455896
0,0.16034317
1,0.31685975
0,0.1603164
0,0.15985523
0,0.31264195
0,0.30126444
0,0.29815638
0,0.27933946
1,0.29815638
0,0.1623605
1,0.29438776
1,0.31760472
0,0.16134308
0,0.15929897
0,0.1561967
0,0.3211357
0,0.3211357
0,0.21409586
0,0.22858049
0,0.3211357
1,0.34591568
0,0.17399792
0,0.3316882
0,0.34708068
1,0.338444
0,0.19525684
1,0.33051223
0,0.16791669
0,0.3369292
0,0.30412382
0,0.3255517
0,0.328108
0,0.2970008
1,0.3422439
1,0.3458241
1,0.3080482
0,0.28385592
0,0.32678422
0,0.3316882
0,0.23878424
1,0.35294712
0,0.31705883
1,0.31781918
1,0.31705883
0,0.27895194
1,0.2987884
1,0.3356289
1,0.27308735
0,0.21531448
0,0.16104919
0,0.16104919
0,0.2569669
0,0.2569669
0,0.22611946
0,0.2569669
0,0.30110234
1,0.32196835
0,0.16375582
0,0.29283288
0,0.3250764
0,0.28319508
0,0.31196034
0,0.28365752
0,0.28054947
0,0.3088523
0,0.28084737
0,0.3088523
0,0.30480924
0,0.29079542
0,0.27604398
0,0.3123227
0,0.43280068
0,0.16746618
0,0.22121887
0,0.3159753
0,0.29468572
0,0.29411334
0,0.20693092
0,0.15821403
0,0.29815638
0,0.30870888
0,0.30870888
0,0.30870888
0,0.30870888
0,0.29815638
0,0.1623605
0,0.3053144
0,0.17455418
0,0.31898186
0,0.29924712
0,0.29924712
1,0.30842936
1,0.28640428
1,0.26582816
0,0.16955689
0,0.2609242
1,0.26582816
0,0.23381607
0,0.17120372
0,0.25987265
0,0.17120372
0,0.2566639
0,0.25987265
0,0.25987265
0,0.25987265
0,0.25987265
0,0.25987265
0,0.21589164
0,0.23417163
0,0.25987265
0,0.23417163
0,0.22333239
0,0.23417163
0,0.25987265
0,0.25987265
0,0.25987265
0,0.22461736
0,0.25987265
0,0.18981384
0,0.17309639
0,0.16353355
0,0.16353355
0,0.16353355
1,0.16353355
1,0.16353355
1,0.16353355
1,0.16148944
0,0.15744604
0,0.18092136
0,0.16964322
0,0.16964322
0,0.17472753
0,0.18465486
0,0.17472753
0,0.17472753
0,0.17068413
0,0.17068413
1,0.17068413
1,0.16858177
1,0.18061146
0,0.16864002
0,0.1636319
0,0.15212445
0,0.16619825
0,0.15627092
0,0.16910401
0,0.15917668
0,0.15917668
1,0.16910401
0,0.15707432
0,0.15707432
0,0.16910401
0,0.15089178
0,0.16910401
0,0.151363
0,0.16292147
0,0.16910401
0,0.16747287
0,0.151363
0,0.151363
0,0.16747287
0,0.16287045
0,0.17898032
0,0.17898032
0,0.16287045
0,0.16905299
0,0.16905299
0,0.2665469
0,0.19924018
0,0.19924018
0,0.17300475
1,0.26030108
0,0.17018358
0,0.16518469
0,0.29569173
0,0.33935386
0,0.29540324
0,0.34137154
1,0.34137154
0,0.17038935
0,0.34137154
1,0.3593172
0,0.29773012
0,0.32573503
0,0.27934042
0,0.3317295
0,0.17251658
0,0.32201484
0,0.2851979
0,0.2599938
1,0.3257647
0,0.16904368
1,0.3395223
0,0.17114604
0,0.3465498
0,0.30606654
0,0.23329666
1,0.35489202
0,0.16425407
1,0.35947478
0,0.30794144
0,0.3129861
0,0.3000301
1,0.36387628
1,0.32023486
0,0.18253228
0,0.1738602
0,0.17654747
0,0.34826916
0,0.22255395
1,0.33365917
1,0.33907458
1,0.31501037
0,0.15745246
0,0.16185395
0,0.32249644
1,0.33108422
0,0.16761488
0,0.30036774
0,0.31376612
0,0.31855574
0,0.33888346
0,0.1737997
0,0.32906654
0,0.1737997
0,0.35089415
1,0.3661428
0,0.31262788
0,0.29260904
0,0.29006746
0,0.34439692
0,0.3278893
1,0.36575785
0,0.17055172
1,0.34439692
0,0.29175478
0,0.31807238
0,0.3272774
1,0.35360193
1,0.35357255
1,0.40215155
0,0.17548928
0,0.30919003
0,0.35797787
0,0.35215828
0,0.37790358
0,0.2116528
1,0.38032395
0,0.38032395
0,0.38135046
1,0.2906021
0,0.19984697
0,0.3606194
0,0.37805182
0,0.22029725
0,0.34237307
0,0.1793537
0,0.16945842
0,0.3471362
0,0.36278796
0,0.1862587
0,0.18697914
1,0.3436918
0,0.19708201
0,0.19049072
0,0.36702976
0,0.25674665
0,0.36700302
1,0.39348075
1,0.38429847
1,0.3775692
1,0.38620588
0,0.3504467
1,0.38440996
0,0.24246716
0,0.2199868
1,0.36183175
0,0.27141753
0,0.3427919
0,0.17654747
1,0.3057885
0,0.21173972
1,0.3873505
1,0.382949
0,0.17813079
0,0.34770015
0,0.3445921
0,0.24218284
0,0.18409172
0,0.33387005
0,0.33006814
0,0.31884545
0,0.32086313
1,0.34649265
1,0.30349278
1,0.28166518
0,0.27770802
0,0.27188003
0,0.31153253
0,0.30329257
0,0.32365742
0,0.27770802
0,0.30484357
0,0.21096931
0,0.31795964
0,0.28670242
0,0.31969434
0,0.38925797
0,0.32130668
0,0.25420073
0,0.28530794
1,0.29512486
0,0.27532548
1,0.31299925
0,0.25070667
0,0.28341264
0,0.2551976
0,0.16439973
1,0.32991585
0,0.27436623
0,0.28928885
0,0.29995412
0,0.25231647
0,0.16025326
0,0.28204098
0,0.31990874
0,0.30969998
0,0.30155063
0,0.2992091
0,0.3418202
1,0.29997867
0,0.17191857
0,0.16735636
0,0.29393944
0,0.34484538
0,0.30772755
1,0.36199397
1,0.25487158
1,0.37612987
0,0.19541836
0,0.37612987
0,0.35217705
1,0.3686462
1,0.349069
1,0.3730218
0,0.19852066
1,0.38466868
0,0.18438476
0,0.36781356
0,0.36193734
0,0.27957729
1,0.27065453
0,0.19852066
0,0.18438476
1,0.34697905
1,0.28464863
1,0.3632746
0,0.23132747
1,0.4139528
1,0.44914502
1,0.25252917
0,0.23189071
0,0.24911888
0,0.23668033
1,0.24911888
1,0.22766376
1,0.20718654
0,0.17270233
0,0.19121778
0,0.18414174
0,0.19604209
0,0.19595449
0,0.19536425
0,0.18732484
0,0.17739755
0,0.17739755
0,0.17625856
0,0.2240445
0,0.1768488
1,0.22180904
1,0.1768488
0,0.17625856
0,0.17211209
0,0.17738509
0,0.18618585
0,0.18971926
0,0.17625856
0,0.180435
0,0.24633524
0,0.18618585
0,0.19386573
0,0.18618585
0,0.17625856
0,0.17625856
0,0.17625856
0,0.17211209
0,0.17625856
0,0.18618585
1,0.28195843
0,0.17625856
0,0.17625856
0,0.17625856
0,0.17625856
0,0.17625856
0,0.17211209
0,0.18618585
0,0.17625856
0,0.17625856
0,0.17795311
0,0.17795311
0,0.17795311
0,0.17795311
0,0.17795311
0,0.17795311
0,0.1727551
0,0.17795311
0,0.1727551
0,0.1727551
0,0.16861668
0,0.16861668
0,0.16861668
0,0.1878804
0,0.16671878
0,0.16671878
0,0.15555158
0,0.15555158
0,0.15555158
0,0.15555158
0,0.15555158
0,0.15555158
0,0.15555158
0,0.17465727
0,0.15555158
0,0.15555158
0,0.15555158
0,0.15555158
0,0.15555158
0,0.15555158
0,0.15555158
0,0.17465727
0,0.17465727
0,0.17465727
0,0.15555158
0,0.15555158
0,0.13998976
0,0.13813916
0,0.14024252
0,0.13256262
0,0.13256262
0,0.13783562
0,0.13419376
0,0.1943581
0,0.1679195
0,0.1679195
0,0.15799217
0,0.18399905
0,0.15519056
0,0.15519056
0,0.16511789
0,0.14562772
0,0.14562772
0,0.14372982
0,0.15193512
0,0.14562772
0,0.14372982
0,0.13256262
0,0.13256262
0,0.13256262
0,0.13256262
0,0.13256262
1,0.13256262
0,0.13256262
0,0.13256262
0,0.13419376
0,0.13321352
0,0.13321352
0,0.13419376
0,0.13419376
0,0.13419376
0,0.13419376
0,0.13321352
0,0.13321352
0,0.13321352
0,0.13158238
0,0.13158238
0,0.13158238
0,0.13158238
0,0.13158238
0,0.13158238
0,0.13158238
0,0.13158238
0,0.13158238
0,0.13158238
0,0.13158238
0,0.13158238
0,0.13158238
0,0.15244447
0,0.13158238
0,0.13158238
0,0.13158238
0,0.13158238
0,0.13158238
0,0.13158238
0,0.13158238
0,0.13158238
0,0.13158238
0,0.13158238
0,0.13158238
0,0.13158238
0,0.13158238
0,0.13158238
0,0.13158238
0,0.13158238
0,0.15244447
0,0.13158238
0,0.13158238
0,0.13158238
0,0.13158238
0,0.13158238
0,0.13158238
0,0.13158238
0,0.13158238
0,0.13158238
0,0.13516723
0,0.13516723
0,0.13516723
0,0.13516723
0,0.13516723
0,0.13516723
0,0.13516723
0,0.13516723
0,0.13158238
0,0.13158238
0,0.13158238
0,0.13158238
0,0.13158238
0,0.13158238
0,0.13158238
0,0.13158238
0,0.14799221
0,0.13516723
0,0.13516723
0,0.13516723
0,0.13516723
0,0.13516723
0,0.13516723
0,0.13516723
0,0.13516723
0,0.13516723
0,0.15029487
0,0.24701332
0,0.2137937
0,0.2429362
0,0.21549714
0,0.23436044
0,0.23436044
0,0.22487932
0,0.2601437
0,0.2340547
0,0.23633547
0,0.22487932
0,0.15402275
0,0.2429362
0,0.21770191
0,0.26241723
0,0.26241723
0,0.24436037
0,0.23708065
0,0.26818103
0,0.1503642
0,0.2822972
0,0.26241723
0,0.1707289
0,0.20378245
0,0.26065496
0,0.26698077
0,0.27168676
0,0.26552528
0,0.26552528
0,0.2997604
0,0.43282163
0,0.31867173
1,0.32005033
0,0.21757445
0,0.28506845
0,0.19589832
0,0.239243
0,0.29382423
1,0.27632463
0,0.19889095
0,0.2588397
1,0.24528085
0,0.17694886
1,0.27457157
1,0.2728093
0,0.18094105
0,0.16752039
0,0.16273077
0,0.26505244
0,0.29547802
0,0.25979096
0,0.28735664
0,0.16521585
0,0.28940076
0,0.28940076
0,0.29962447
0,0.30105072
1,0.25314096
0,0.16781558
1,0.30435264
1,0.2677451
0,0.18631284
0,0.2379075
0,0.23236912
0,0.24205396
0,0.23236912
0,0.17879829
0,0.24787082
0,0.24205396
1,0.24205396
1,0.1808424
1,0.24787082
1,0.24787082
0,0.1808424
0,0.18694143
0,0.19122091
0,0.1891768
0,0.18371333
0,0.18136387
0,0.18136387
0,0.19122091
1,0.19122091
0,0.1910879
0,0.19357038
0,0.18904379
0,0.19146802
0,0.1910879
0,0.18371333
0,0.17903818
0,0.19357038
0,0.18889523
0,0.17708439
0,0.17068453
0,0.19951613
0,0.18371333
0,0.17542124
0,0.19122091
0,0.19122091
0,0.19122091
0,0.1877535
0,0.18527101
0,0.18540402
0,0.18527101
0,0.18540402
0,0.18307833
0,0.17472467
0,0.18426503
0,0.17870672
0,0.17211209
0,0.17211209
0,0.20727861
0,0.17870672
0,0.17870672
0,0.18863404
0,0.19735128
0,0.1918875
0,0.17870672
0,0.17870672
0,0.18863404
0,0.19777359
0,0.19542414
0,0.19542414
0,0.17870672
1,0.17870672
0,0.17456025
0,0.17520326
0,0.17520326
0,0.1727551
1,0.2487834
1,0.18466222
1,0.18466222
0,0.17701606
0,0.19214135
0,0.17211209
0,0.18221407
0,0.18618585
0,0.17625856
0,0.17625856
0,0.17625856
1,0.21323411
0,0.19214135
1,0.18221407
0,0.17211209
0,0.16280314
0,0.16280314
0,0.15722662
0,0.17293157
0,0.16858076
0,0.16880028
0,0.17872757
0,0.20887384
0,0.16880028
0,0.16880028
0,0.17625856
0,0.17625856
0,0.17625856
0,0.2528268
0,0.19267744
0,0.17867298
0,0.17929696
0,0.18275012
0,0.216954
0,0.17867298
0,0.17929696
0,0.19267744
0,0.17725284
0,0.18275012
0,0.18275012
0,0.1771946
0,0.19267744
0,0.18275012
0,0.21132201
0,0.1886003
0,0.1886003
0,0.18922427
0,0.17929696
0,0.26316005
1,0.30849004
0,0.18327443
0,0.22365901
0,0.26316005
0,0.26316005
0,0.24328008
0,0.24328008
0,0.22514072
0,0.24328008
0,0.24328008
1,0.31026343
1,0.23435535
0,0.22791244
0,0.2290511
0,0.22122617
0,0.22122617
0,0.22122617
0,0.22680807
1,0.22680807
1,0.22680807
0,0.17948355
0,0.1766739
0,0.18870355
0,0.21526752
0,0.22122617
0,0.23237565
0,0.22791244
0,0.23772936
0,0.23897327
0,0.23031195
0,0.23435535
0,0.23643874
0,0.22038466
0,0.22038466
0,0.22791244
1,0.23772936
0,0.21943878
0,0.23194282
0,0.22476396
0,0.23115346
0,0.17673215
0,0.17625466
0,0.17421055
0,0.17421055
0,0.18618198
0,0.23270778
1,0.25009543
1,0.25009543
1,0.24718966
0,0.176681
0,0.17710023
0,0.19563934
0,0.252617
0,0.19616395
1,0.18870355
0,0.19616395
0,0.22116825
0,0.16239877
0,0.16076763
0,0.15519056
0,0.15519056
0,0.15519056
0,0.16323495
0,0.15519056
0,0.15519056
0,0.14562772
0,0.14562772
0,0.14562772
0,0.14562772
0,0.14562772
0,0.14562772
0,0.14562772
0,0.14562772
0,0.14562772
0,0.14372982
0,0.13862191
0,0.13256262
0,0.13256262
0,0.13256262
0,0.13256262
0,0.13256262
0,0.13256262
0,0.13256262
0,0.13256262
0,0.13419376
0,0.13419376
0,0.13419376
0,0.13419376
0,0.13256262
0,0.13256262
0,0.13256262
0,0.13256262
0,0.13256262
0,0.13256262
0,0.13256262
0,0.13256262
0,0.13158238
0,0.13158238
0,0.13158238
0,0.13158238
0,0.13158238
0,0.13158238
0,0.13158238
0,0.13329332
0,0.13329332
0,0.13329332
0,0.13926183
0,0.13329332
0,0.13158238
0,0.14024252
0,0.15112847
0,0.17279778
0,0.17089988
0,0.14372982
0,0.15555505
1,0.17279778
0,0.17279778
0,0.16287045
0,0.15519056
0,0.15519056
0,0.14562772
0,0.16323495
0,0.14562772
0,0.14562772
0,0.14562772
0,0.14372982
0,0.13862191
0,0.13862191
0,0.14372982
0,0.13862191
0,0.13256262
0,0.13256262
0,0.13256262
0,0.13256262
0,0.13256262
0,0.13256262
0,0.13256262
0,0.13256262
0,0.13256262
0,0.13256262
0,0.13256262
0,0.13256262
0,0.13256262
0,0.13256262
0,0.13256262
0,0.13158238
0,0.13158238
0,0.13256262
0,0.13256262
0,0.13256262
0,0.13256262
0,0.13256262
0,0.13158238
0,0.13158238
0,0.13158238
0,0.13158238
0,0.13158238
0,0.13158238
0,0.13158238
0,0.13158238
0,0.13158238
0,0.13158238
0,0.13158238
0,0.13158238
0,0.13321352
0,0.13321352
0,0.13321352
0,0.13321352
0,0.13321352
0,0.1408934
0,0.13321352
0,0.1408934
0,0.13321352
0,0.1408934
0,0.13158238
0,0.13926226
0,0.13926226
0,0.13158238
0,0.19345216
0,0.13158238
0,0.13926226
0,0.13158238
0,0.13158238
0,0.13158238
0,0.13926226
0,0.13158238
0,0.13158238
0,0.13158238
0,0.13158238
0,0.13158238
0,0.13158238
0,0.13158238
0,0.13158238
0,0.13158238
0,0.13158238
0,0.13158238
0,0.13158238
0,0.13158238
0,0.13158238
0,0.13158238
1,0.24764286
0,0.16314058
0,0.16708128
0,0.16679914
0,0.31898755
0,0.31898755
0,0.33320597
1,0.32920864
0,0.17038935
0,0.33591747
0,0.32854858
0,0.29862446
0,0.3235213
0,0.3379363
0,0.3391578
0,0.17803116
0,0.35244873
1,0.3269562
0,0.18439177
1,0.3427676
0,0.1737978
1,0.3372272
0,0.18483718
0,0.1787296
0,0.32355094
0,0.32355094
1,0.32355094
0,0.2934443
1,0.3563468
1,0.31463036
0,0.17668548
0,0.31075695
1,0.35726106
0,0.26546058
0,0.17668548
0,0.34162456
0,0.27760562
0,0.35726106
1,0.3443361
1,0.34833342
1,0.34833342
1,0.31361964
0,0.1818319
0,0.17859158
1,0.18619084
0,0.17584422
0,0.16775705
0,0.30351332
0,0.31459865
0,0.32435894
0,0.31731015
0,0.29481763
0,0.33004126
0,0.20505029
0,0.33009788
1,0.38225988
0,0.17479084
0,0.17479084
0,0.28099835
0,0.3111056
0,0.3111056
1,0.3267421
0,0.16275246
0,0.3111056
0,0.29228184
0,0.29023772
0,0.32338905
1,0.3451225
0,0.17859158
0,0.33259407
0,0.3004427
0,0.33259407
0,0.34241098
0,0.34241098
0,0.35819417
0,0.32539964
1,0.40122366
1,0.36617768
1,0.38339338
1,0.3434692
0,0.17654747
0,0.17654747
0,0.17344517
0,0.1701053
1,0.34692335
0,0.18092445
0,0.30941552
0,0.1986338
0,0.35238376
0,0.23992588
1,0.3563355
0,0.20173611
0,0.3390322
0,0.19448218
0,0.3563355
1,0.26739553
0,0.21157949
0,0.3361298
1,0.36413473
1,0.3361298
1,0.30652002
1,0.35541794
1,0.29867488
0,0.18696328
0,0.34095272
0,0.33699563
0,0.274193
0,0.253155
0,0.27707744
0,0.2008154
0,0.22139452
0,0.24919789
0,0.2799832
0,0.15903322
0,0.25210366
0,0.35417235
1,0.4014811
0,0.1984612
0,0.34395126
0,0.34395126
0,0.28910428
0,0.2938939
0,0.31208298
0,0.29747298
0,0.26425537
0,0.28339612
0,0.31330344
0,0.3028259
0,0.30948368
0,0.33135694
0,0.26001602
0,0.32322937
0,0.27044952
0,0.26261312
0,0.25723132
0,0.28454784
0,0.38197184
0,0.27118888
0,0.2590809
0,0.24447434
0,0.27118888
0,0.24926396
1,0.2985054
0,0.24447434
0,0.15503004
0,0.21668594
0,0.16396613
0,0.27659
0,0.2414647
0,0.24585046
0,0.2677754
0,0.24380635
0,0.26362893
0,0.29204607
0,0.304971
0,0.28027365
0,0.26294893
0,0.27059075
0,0.39041403
1,0.2909598
1,0.18350066
0,0.27592975
0,0.26946646
0,0.30233136
0,0.2766155
1,0.32514653
1,0.24005416
1,0.36531165
0,0.21392182
0,0.37681678
1,0.3866337
1,0.37681678
0,0.34881186
1,0.3866337
0,0.22332199
0,0.37681678
0,0.195729
0,0.35726106
0,0.3482768
1,0.39987147
0,0.18393426
0,0.2326894
1,0.3336095
0,0.36775166
1,0.38259974
1,0.4244729
0,0.26300073
1,0.34543794
0,0.22501653
0,0.1884908
0,0.1884908
0,0.1884908
0,0.1884908
0,0.1884908
0,0.19830772
0,0.1884908
0,0.19830772
0,0.19830772
0,0.1884908
0,0.19830772
0,0.1884908
0,0.1884908
0,0.1884908
0,0.1884908
0,0.1884908
0,0.1884908
0,0.1884908
0,0.19830772
0,0.21432492
0,0.20581686
0,0.21574415
0,0.22556108
0,0.20581686
0,0.21356659
0,0.20947494
0,0.21166869
0,0.2065608
0,0.2103184
0,0.1884908
0,0.1884908
0,0.19937673
0,0.1884908
0,0.1884908
0,0.20050147
0,0.1884908
0,0.19830772
0,0.24000692
1,0.4400116
1,0.40654385
1,0.39661655
1,0.24426788
0,0.21084018
0,0.2009129
0,0.21084018
0,0.21294254
0,0.20301525
0,0.20301525
0,0.20301525
0,0.20155591
0,0.19345464
1,0.22019999
1,0.2102727
1,0.22019999
1,0.20155591
0,0.20025669
0,0.19243172
0,0.20360503
0,0.18386082
0,0.17351426
0,0.17351426
0,0.1660538
0,0.1660538
0,0.17687859
0,0.16706166
0,0.17687859
0,0.17888688
0,0.17687859
0,0.15589441
0,0.1797954
0,0.17345521
0,0.16834733
0,0.1640802
0,0.1640802
0,0.15426327
0,0.15426327
0,0.15426327
0,0.17210491
0,0.16228798
0,0.17210491
0,0.16413864
0,0.18596625
1,0.18493974
1,0.19475667
1,0.19475667
0,0.1710784
0,0.19045563
0,0.16305369
0,0.18414825
0,0.18414825
0,0.18414825
1,0.18414825
0,0.16911305
0,0.16305369
0,0.16468483
0,0.19513775
0,0.17774998
0,0.17585208
0,0.1857794
0,0.17294632
0,0.19051902
0,0.17585208
0,0.185669
0,0.17585208
0,0.16195378
0,0.16195378
0,0.15589441
0,0.15426327
0,0.16309996
0,0.15328303
0,0.15328303
0,0.16309996
0,0.15328303
0,0.15328303
0,0.16309996
0,0.16207345
0,0.1649152
0,0.16207345
0,0.16207345
0,0.16207345
0,0.16207345
0,0.17189038
0,0.16207345
0,0.16207345
0,0.16207345
0,0.16207345
0,0.17189038
0,0.16207345
0,0.16207345
0,0.16207345
0,0.16207345
0,0.17189038
0,0.16207345
0,0.17189038
0,0.16207345
0,0.16207345
0,0.21642743
0,0.21642743
0,0.21642743
1,0.21642743
1,0.21642743
1,0.21642743
1,0.21642743
1,0.23053992
0,0.21606548
0,0.1538736
0,0.14887363
0,0.14887363
0,0.17155786
0,0.1535084
0,0.15512893
0,0.13924298
0,0.13924298
0,0.13633722
0,0.13924298
0,0.13924298
0,0.13924298
0,0.13633722
0,0.13633722
0,0.13633722
0,0.1315631
0,0.1315631
0,0.1315631
0,0.12993196
0,0.12993196
0,0.12993196
0,0.13761184
0,0.13761184
0,0.12993196
0,0.12993196
0,0.13761184
0,0.13761184
0,0.13761184
0,0.13761184
0,0.16859458
0,0.16035679
0,0.15042946
0,0.13158238
0,0.21329981
0,0.19497286
0,0.15330762
0,0.15330762
0,0.18248245
0,0.17065722
0,0.18541005
1,0.2570688
1,0.18868373
1,0.16287045
1,0.16287045
1,0.30617476
1,0.22922917
0,0.22008646
0,0.20530476
0,0.21086028
0,0.20100325
0,0.20741914
0,0.17629899
0,0.16637172
0,0.21006891
0,0.16847408
0,0.15952252
0,0.15952252
0,0.16003193
0,0.19925554
0,0.19925554
0,0.19754462
0,0.27855572
0,0.20945123
1,0.2584875
0,0.20945123
0,0.20945123
1,0.21086028
0,0.21839686
1,0.21057191
0,0.1798615
0,0.1798615
0,0.19393525
0,0.18998228
0,0.19208464
0,0.19208464
0,0.19208464
0,0.19371578
0,0.19371578
0,0.19393525
1,0.19393525
0,0.16534282
0,0.17731427
0,0.18232238
0,0.16534282
1,0.17941663
0,0.17239505
1,0.18232238
0,0.16534282
0,0.16580682
0,0.16790918
0,0.15798184
0,0.15798184
0,0.15798184
0,0.15798184
0,0.1608876
0,0.15798184
0,0.15587948
0,0.16790918
0,0.15627092
0,0.15917668
0,0.15754554
0,0.15754554
0,0.15754554
0,0.16905299
0,0.15330762
0,0.15330762
0,0.15330762
0,0.15330762
0,0.15330762
0,0.15330762
0,0.15330762
0,0.15330762
0,0.15501854
0,0.1617073
0,0.15330762
0,0.16323495
0,0.15330762
0,0.15330762
0,0.1892345
0,0.15330762
0,0.15330762
0,0.15330762
0,0.15330762
0,0.15330762
0,0.15330762
0,0.16323495
0,0.15330762
0,0.15330762
0,0.15330762
0,0.15330762
0,0.1892345
0,0.21671337
0,0.17898032
0,0.19519678
0,0.19519678
0,0.16905299
0,0.16287045
0,0.19056955
0,0.19111964
0,0.2079545
0,0.17973077
0,0.1896581
0,0.1896581
0,0.17973077
0,0.16287349
0,0.16905299
0,0.15949015
0,0.15949015
0,0.15949015
0,0.15949015
0,0.15330762
0,0.15330762
0,0.15330762
0,0.16470104
0,0.17673375
0,0.16680644
0,0.17858438
0,0.16295367
0,0.16480431
0,0.1727675
0,0.20086916
0,0.19750763
0,0.20086916
0,0.20086916
0,0.16284017
0,0.16655168
0,0.17240304
0,0.16284017
0,0.16655168
0,0.16655168
0,0.16655168
0,0.16073477
0,0.20358217
0,0.21726337
0,0.19896698
0,0.17029764
0,0.20304412
0,0.19686158
0,0.19686158
0,0.20504151
0,0.22719067
0,0.19896698
0,0.16819528
0,0.21297142
0,0.20304412
0,0.19686158
0,0.19686158
0,0.19540223
0,0.16073477
1,0.19540223
1,0.27518478
1,0.19540223
0,0.16073477
0,0.17069542
0,0.17279778
0,0.16287045
0,0.16076809
0,0.16239923
0,0.16486609
0,0.16450159
0,0.18000545
0,0.18000545
0,0.16051528
0,0.16051528
0,0.16051528
0,0.15888414
0,0.15330762
0,0.15698624
0,0.1463018
0,0.17716385
0,0.1687642
0,0.15883687
0,0.15372899
0,0.14766964
0,0.14766964
0,0.14766964
0,0.14766964
0,0.14766964
0,0.14581904
0,0.14766964
0,0.14581904
0,0.14581904
0,0.15606932
0,0.24375075
1,0.19209896
1,0.18055753
0,0.17309925
0,0.17309925
0,0.16634461
0,0.17483343
0,0.17483343
0,0.18661137
0,0.1766841
1,0.4369163
0,0.1853967
0,0.1546378
0,0.3074583
0,0.17149393
0,0.29988047
0,0.23755488
0,0.3074583
0,0.37427744
1,0.41492876
1,0.41803685
1,0.41492876
0,0.15133703
0,0.19960399
0,0.22549711
0,0.19032776
0,0.38359857
1,0.40888843
0,0.3242042
1,0.40946835
1,0.3611694
1,0.34869328
0,0.16914235
0,0.31984285
0,0.31984285
0,0.29783636
1,0.3031254
1,0.27896085
0,0.21000761
0,0.22459558
0,0.23097259
0,0.22553329
1,0.36693427
0,0.17126673
0,0.15569599
0,0.2000394
0,0.30091688
1,0.33853722
0,0.17836772
1,0.30028644
0,0.3175075
0,0.18163468
0,0.29441157
0,0.17056845
1,0.31201017
1,0.34001508
1,0.31201017
0,0.30214125
0,0.3175075
0,0.29666576
1,0.3528997
0,0.17820331
0,0.3528997
0,0.17836772
0,0.32630572
0,0.34249437
0,0.3329499
0,0.22901814
1,0.33690703
1,0.36893833
0,0.20371658
0,0.3643
0,0.32711977
0,0.32507566
0,0.34720552
1,0.35512468
1,0.35512468
1,0.35512468
1,0.35512468
0,0.20055602
0,0.36740807
0,0.3283817
0,0.35176712
0,0.35176712
1,0.3386428
0,0.19334863
0,0.3570401
0,0.28656924
0,0.3403227
0,0.24834315
0,0.22945426
0,0.39440054
0,0.31873983
0,0.31671178
1,0.36918688
1,0.3305802
0,0.1602005
0,0.15605403
0,0.33011734
0,0.28866634
1,0.30998826
0,0.17056845
0,0.2815596
0,0.3075204
0,0.3095645
0,0.21085092
1,0.32198477
0,0.250356
1,0.33868015
1,0.2552051
0,0.16590801
0,0.21567394
1,0.28985792
0,0.16054557
0,0.26654032
0,0.2281828
0,0.20850803
0,0.35789737
0,0.3394711
0,0.2829682
0,0.29602024
0,0.26616806
0,0.30739775
0,0.26616806
0,0.3334732
0,0.3733905
1,0.35488647
1,0.1840171
1,0.2872105
1,0.2872105
0,0.26107737
0,0.29314786
0,0.3013464
0,0.24180546
0,0.2602307
0,0.2602307
0,0.25255084
0,0.25459126
0,0.25459126
0,0.28986308
0,0.23138534
0,0.25100642
0,0.24692927
0,0.24692927
0,0.24692927
0,0.29068092
1,0.42997757
0,0.16681851
0,0.26120844
0,0.298588
0,0.35101295
0,0.16464393
1,0.27459818
0,0.27459818
0,0.25062916
0,0.20075142
0,0.24650948
1,0.32524505
0,0.19145824
0,0.2452109
0,0.2917211
0,0.1913889
0,0.24514158
0,0.27582863
0,0.28915042
0,0.28915042
0,0.3324031
0,0.28955546
0,0.3267237
0,0.30008322
0,0.28173953
0,0.23612818
0,0.2600224
0,0.271434
0,0.25218707
0,0.25084704
0,0.21766156
0,0.24227127
0,0.23461616
0,0.23407456
0,0.20605049
0,0.19372608
0,0.19372608
0,0.2432499
0,0.2600224
0,0.2432499
0,0.23941769
0,0.25742018
0,0.27790323
1,0.36481076
1,0.29581186
0,0.2535632
0,0.25152487
0,0.2430478
0,0.23615918
0,0.26823336
0,0.24883799
1,0.30375344
0,0.15626603
0,0.19021335
0,0.20222403
0,0.19021335
0,0.19021335
0,0.19021335
0,0.19021335
0,0.17994666
0,0.17226721
0,0.17226721
0,0.17226721
0,0.17226721
0,0.17226721
0,0.17226721
0,0.17226721
0,0.17226721
0,0.17226721
0,0.17226721
0,0.17226721
0,0.17226721
0,0.17510897
0,0.17226721
0,0.17226721
0,0.17226721
0,0.17226721
0,0.17226721
0,0.17226721
0,0.17226721
0,0.17226721
0,0.18575287
1,0.17226721
0,0.17226721
0,0.17226721
1,0.34492236
1,0.34492236
1,0.34492236
1,0.34492236
0,0.38079494
0,0.3757242
1,0.41743836
1,0.4344784
1,0.4431952
1,0.4361556
1,0.4084235
1,0.3738613
0,0.15089133
0,0.16081867
0,0.15089133
0,0.1529937
0,0.14738968
0,0.13618176
0,0.1551648
0,0.1551648
0,0.1551648
0,0.1551648
0,0.1551648
0,0.15024976
0,0.1551648
0,0.1551648
0,0.1551648
0,0.15353365
0,0.15353365
0,0.15353365
0,0.15353365
0,0.12993196
0,0.12993196
0,0.12993196
0,0.13158238
0,0.13158238
0,0.13158238
0,0.13158238
0,0.13158238
0,0.13158238
0,0.13158238
0,0.13158238
0,0.13158238
0,0.13158238
0,0.13158238
0,0.13158238
0,0.13158238
0,0.13158238
0,0.13158238
0,0.13158238
0,0.13158238
0,0.13158238
0,0.13158238
0,0.13158238
0,0.13158238
0,0.15518408
0,0.13158238
0,0.13158238
0,0.13158238
0,0.13158238
0,0.13158238
0,0.15518408
0,0.15518408
0,0.13158238
1,0.13158238
1,0.15518408
0,0.15518408
0,0.15518408
0,0.15681522
0,0.17767729
0,0.15681522
0,0.17452437
0,0.15203114
0,0.13158238
0,0.13158238
0,0.13158238
0,0.13158238
0,0.13158238
0,0.13158238
0,0.13158238
0,0.13158238
0,0.13158238
0,0.13158238
0,0.13158238
0,0.13158238
0,0.13158238
0,0.13158238
0,0.13158238
0,0.13158238
0,0.13158238
0,0.13158238
0,0.13158238
0,0.13158238
0,0.13158238
0,0.13158238
0,0.13158238
0,0.13158238
0,0.13158238
0,0.13158238
0,0.13158238
0,0.13158238
0,0.13158238
0,0.13158238
0,0.13158238
0,0.15244447
0,0.13158238
0,0.13158238
0,0.13158238
0,0.13158238
0,0.13158238
0,0.13158238
0,0.13158238
0,0.13158238
0,0.13158238
0,0.13158238
0,0.13158238
0,0.13158238
0,0.13158238
0,0.13158238
0,0.13158238
0,0.13329332
0,0.13158238
0,0.13158238
0,0.13158238
0,0.13158238
0,0.13158238
0,0.13158238
0,0.13158238
0,0.13158238
0,0.13158238
0,0.13158238
0,0.13158238
0,0.13158238
0,0.13158238
0,0.13158238
0,0.13158238
0,0.13158238
0,0.13158238
0,0.13158238
0,0.13158238
0,0.13158238
0,0.13158238
0,0.13158238
0,0.13158238
0,0.13158238
0,0.13158238
0,0.13158238
0,0.14440738
0,0.14262381
0,0.13158238
0,0.13158238
0,0.13158238
0,0.13926226
0,0.13158238
0,0.13158238
0,0.13158238
0,0.15518408
0,0.1631998
0,0.20093632
0,0.16182525
0,0.2879734
0,0.2273652
0,0.2689019
0,0.23887001
0,0.28879267
0,0.1626493
0,0.28879267
0,0.28485197
0,0.28485197
0,0.15817246
0,0.29542014
0,0.25044233
0,0.2756766
0,0.2756766
0,0.24869998
0,0.24117392
0,0.2735693
0,0.16499382
0,0.2735693
0,0.25491285
1,0.39689848
0,0.19151193
0,0.30587983
0,0.3076421
0,0.3076421
0,0.30396387
0,0.28232163
0,0.285907
0,0.30225745
0,0.24885108
0,0.24885108
0,0.18921497
0,0.21632478
0,0.241115
0,0.26007152
1,0.37362626
1,0.26007152
0,0.18555643
1,0.27825415
1,0.27237517
0,0.1503642
1,0.26241723
1,0.2682317
0,0.21135917
1,0.28485197
0,0.28796002
0,0.15540054
0,0.19109294
0,0.15540054
0,0.28160152
0,0.1886602
0,0.29740435
0,0.29080653
0,0.29080653
0,0.29211986
0,0.15302606
0,0.20745
1,0.31239954
1,0.2965967
0,0.15817246
0,0.24423467
0,0.2671508
0,0.29606056
0,0.304656
1,0.3007153
1,0.3007153
1,0.2680885
1,0.27683562
0,0.17324783
0,0.23263553
0,0.24542265
0,0.17324783
0,0.23263553
0,0.2612255
0,0.24542265
0,0.24542265
0,0.2612255
0,0.24542265
0,0.35637173
1,0.2781262
1,0.18839392
1,0.25424653
1,0.18839392
0,0.17324783
0,0.22860968
0,0.23467964
0,0.17535019
1,0.24542265
0,0.17529194
0,0.16766846
0,0.16258244
0,0.19021006
0,0.23154856
0,0.23475732
0,0.23475732
0,0.22324985
0,0.22324985
0,0.22324985
0,0.15806109
0,0.1581941
0,0.15225148
0,0.1763464
0,0.2556979
0,0.17364691
0,0.17364691
0,0.24982928
0,0.17549758
0,0.1735139
0,0.16593474
0,0.17549758
0,0.17549758
0,0.18934023
0,0.26238295
0,0.20686536
0,0.2232734
0,0.20686536
0,0.20686536
0,0.20686536
0,0.20686536
0,0.20686536
0,0.22113946
0,0.17099987
0,0.22634639
0,0.22634639
0,0.17286675
0,0.18295585
0,0.23042352
0,0.18282284
0,0.18295585
0,0.1851723
0,0.18295585
0,0.17701322
0,0.24301757
0,0.19338633
0,0.22634639
0,0.22634639
0,0.19974692
1,0.19974692
1,0.22634639
0,0.16855848
0,0.18441132
0,0.18072048
0,0.18295585
0,0.18295585
0,0.18530531
0,0.17887871
0,0.26903942
0,0.20686536
0,0.22674532
0,0.20740695
0,0.20686536
0,0.21050926
0,0.20686536
0,0.17887871
0,0.22674532
0,0.20686536
0,0.20686536
0,0.17929666
0,0.22634639
0,0.21708907
0,0.21336292
0,0.17439155
0,0.1891024
0,0.1787457
0,0.1891024
0,0.17894383
0,0.17555387
0,0.19317953
0,0.1891024
0,0.1891024
0,0.18764305
0,0.18999253
0,0.18764305
0,0.19172019
0,0.2913558
0,0.2228319
0,0.25202513
0,0.22580308
0,0.22593608
0,0.2835692
0,0.22358662
0,0.22358662
0,0.21764399
0,0.22358662
0,0.22593608
0,0.2835692
0,0.17728093
1,0.2659499
0,0.17728093
0,0.27009636
1,0.27009636
1,0.27009636
0,0.15695514
0,0.26706067
0,0.22687982
0,0.25568315
0,0.25568315
0,0.25568315
0,0.25568315
0,0.15352377
0,0.26706067
0,0.25089353
0,0.25568315
0,0.26675767
0,0.22967914
1,0.33151117
1,0.28578478
1,0.24457133
1,0.24118659
0,0.24229297
0,0.24024886
0,0.24024886
1,0.27009636
0,0.21850285
1,0.27009636
0,0.21329819
0,0.20499949
0,0.23631988
0,0.23631988
0,0.20710185
0,0.22553329
0,0.22874205
0,0.22874205
0,0.22874205
0,0.27826512
0,0.2217116
0,0.24315523
0,0.27009636
1,0.29769033
0,0.1814274
1,0.1814274
0,0.17447065
0,0.21736859
0,0.21736859
0,0.24315523
0,0.24111111
0,0.25073305
0,0.24315523
0,0.25073305
0,0.22009873
0,0.28147388
1,0.2943288
1,0.2829513
0,0.1814274
0,0.1814274
0,0.27009636
0,0.27605188
1,0.2750005
0,0.21702234
0,0.22776747
0,0.24205054
0,0.2561432
0,0.26794833
0,0.23565571
1,0.2796367
1,0.2796367
0,0.16737536
0,0.25269556
0,0.25269556
0,0.26235092
0,0.2616512
0,0.19096775
0,0.2623668
1,0.2623668
0,0.18576975
0,0.17607616
0,0.22095343
0,0.2704544
1,0.2704544
1,0.27864206
0,0.1843214
0,0.19189924
0,0.2094225
0,0.16088475
0,0.17777728
0,0.2021744
0,0.2649523
1,0.24315523
0,0.22461736
0,0.24024948
0,0.24024948
0,0.2184764
0,0.24911071
1,0.25668857
0,0.25073305
0,0.17103928
1,0.24111111
0,0.162591
1,0.24315523
0,0.162591
1,0.24315523
1,0.24315523
0,0.16549675
0,0.18092136
0,0.17472753
0,0.17127436
0,0.18465486
0,0.17127436
0,0.19887409
0,0.18465486
0,0.24752428
0,0.28116876
1,0.30541888
0,0.2019276
0,0.17861712
0,0.24315523
0,0.24315523
0,0.24315523
0,0.26831383
0,0.24651673
0,0.16793698
0,0.24315523
0,0.24315523
1,0.2649523
1,0.2183063
0,0.23994648
0,0.21736859
0,0.23900877
0,0.16549675
0,0.18302372
0,0.17309639
0,0.2649523
0,0.22871119
0,0.18457262
0,0.23057288
0,0.23992851
0,0.23992851
0,0.23992851
0,0.23992851
0,0.23415771
0,0.24351333
0,0.25109115
0,0.20185335
1,0.2841511
1,0.23992851
0,0.17389248
0,0.16549675
0,0.17251833
0,0.18897922
0,0.17905189
0,0.17309639
0,0.25737447
0,0.25142682
0,0.22962976
0,0.24224451
0,0.17699479
0,0.22962976
0,0.22367424
0,0.22367424
0,0.22962976
0,0.2256689
0,0.17905189
0,0.18897922
0,0.17309639
0,0.17040072
1,0.17905189
0,0.16549675
0,0.21123554
0,0.17069475
0,0.18897922
0,0.18897922
1,0.27449265
0,0.1690816
0,0.1876601
0,0.18263674
1,0.23641758
1,0.25110373
1,0.18787536
0,0.17614225
0,0.1741659
0,0.17071274
0,0.18426788
1,0.19061036
1,0.19061036
0,0.16422214
1,0.35921338
1,0.30930886
0,0.21246448
0,0.21246448
0,0.21246448
0,0.21246448
0,0.21246448
0,0.21246448
0,0.21246448
0,0.21246448
0,0.21246448
0,0.21246448
0,0.29685318
0,0.24694864
0,0.25355512
0,0.2560033
1,0.41603443
0,0.27170968
1,0.3266294
0,0.22682995
0,0.24694864
0,0.2611001
0,0.25264177
0,0.25264177
0,0.25264177
0,0.25264177
0,0.26834816
0,0.2490042
1,0.25762624
1,0.26834816
0,0.21815759
1,0.23726326
0,0.23157015
1,0.29043964
1,0.25296962
0,0.21012388
0,0.21913569
0,0.21947487
0,0.23190935
0,0.27095753
0,0.22238062
0,0.22409318
0,0.23481509
1,0.23481509
1,0.23481509
1,0.23481509
1,0.23481509
0,0.19114842
0,0.1749132
0,0.1749132
0,0.16449511
0,0.16449511
0,0.18722771
0,0.17079097
0,0.16286397
0,0.16449511
0,0.16449511
0,0.16286397
0,0.16286397
0,0.16286397
0,0.17126362
0,0.17126362
0,0.16286397
0,0.16286397
0,0.16286397
0,0.19069411
0,0.17425737
0,0.17425737
0,0.17425737
0,0.16286397
0,0.16286397
0,0.13926226
0,0.13926226
0,0.13926226
0,0.13926226
0,0.13926226
0,0.13926226
0,0.13926226
0,0.13926226
0,0.13926226
0,0.13926226
0,0.13926226
0,0.13926226
0,0.13926226
0,0.14766194
0,0.13926226
0,0.13926226
0,0.15065569
0,0.15065569
0,0.15065569
0,0.15065569
0,0.15065569
0,0.15065569
0,0.15065569
0,0.15065569
0,0.15065569
0,0.15065569
0,0.15065569
0,0.15065569
0,0.15065569
0,0.14555815
1,0.14555815
0,0.13926226
0,0.13926226
0,0.13926226
0,0.13926226
0,0.13926226
0,0.13926226
0,0.16709246
0,0.15250629
0,0.15065569
0,0.15065569
0,0.15065569
0,0.13926226
0,0.13926226
0,0.13926226
0,0.13926226
0,0.13926226
0,0.13926226
0,0.13926226
0,0.13926226
0,0.13926226
0,0.13926226
0,0.13926226
0,0.13926226
0,0.15569903
0,0.13926226
0,0.13926226
0,0.13926226
0,0.13926226
0,0.14766194
0,0.13926226
0,0.16997515
0,0.16386856
0,0.16961531
1,0.17764
0,0.16081147
0,0.17205243
0,0.18197976
0,0.19094275
0,0.20866142
0,0.20104472
0,0.18828715
1,0.19290888
1,0.18298154
1,0.17594352
0,0.16412424
0,0.16412424
0,0.20436107
0,0.17767937
0,0.28527388
0,0.2477334
1,0.29202667
0,0.18652295
0,0.2146978
0,0.17610481
0,0.19785376
0,0.16737536
0,0.22388002
0,0.24337822
0,0.22956987
0,0.22956987
0,0.22549273
0,0.22070312
0,0.26951915
0,0.2696577
0,0.1912409
0,0.25597945
0,0.24072576
0,0.25336552
0,0.2291259
1,0.29528126
0,0.21559139
1,0.2681322
1,0.2774012
1,0.18099855
0,0.15611061
0,0.22210039
1,0.26250118
0,0.23326804
1,0.24190874
0,0.17378296
0,0.16503122
0,0.29533404
0,0.31897905
0,0.29923552
0,0.29923552
0,0.28660366
0,0.2944459
0,0.28455955
0,0.31024873
0,0.29006016
0,0.3102986
1,0.28590032
0,0.27742833
0,0.27948034
0,0.24561837
0,0.28426996
0,0.26853582
0,0.2614576
0,0.24657097
0,0.23867367
1,0.24669835
0,0.22742127
0,0.19348322
0,0.16854286
0,0.23867367
0,0.17064522
0,0.23388405
0,0.23388405
0,0.23867367
0,0.21642886
0,0.21642886
0,0.15294927
0,0.15240051
0,0.15294927
0,0.15294927
0,0.15240051
0,0.17780288
0,0.15240051
0,0.15240051
0,0.19108397
0,0.15294927
0,0.15294927
0,0.1801193
0,0.15991922
0,0.16251208
0,0.15991922
0,0.16251208
0,0.16846758
0,0.15781686
0,0.16603047
0,0.153351
0,0.153351
0,0.158549
0,0.158549
0,0.158549
0,0.158549
0,0.153351
0,0.1514531
0,0.16847633
0,0.1566511
0,0.16847633
0,0.1566511
1,0.1566511
0,0.15154319
0,0.16847633
0,0.14976615
0,0.14976615
0,0.14786825
0,0.13670105
0,0.13874516
0,0.14642505
0,0.13256262
1,0.19571657
0,0.15927073
0,0.1530882
0,0.1530882
0,0.15140972
0,0.13862191
0,0.14372982
0,0.13256262
0,0.13256262
0,0.13256262
0,0.13419376
0,0.13256262
0,0.13256262
0,0.13256262
0,0.16459192
0,0.15365715
0,0.18597993
0,0.15519056
0,0.14562772
0,0.14562772
0,0.14372982
0,0.14372982
0,0.13256262
0,0.13256262
0,0.13256262
0,0.13256262
0,0.13256262
0,0.13256262
0,0.13256262
0,0.13256262
0,0.13256262
0,0.13256262
0,0.13256262
0,0.13256262
0,0.13256262
0,0.13256262
0,0.13256262
0,0.13256262
0,0.13256262
0,0.13256262
0,0.13158238
0,0.13256262
0,0.13158238
0,0.13158238
0,0.13158238
0,0.13158238
0,0.13158238
0,0.13158238
0,0.13887
0,0.13256262
0,0.13256262
0,0.19400465
0,0.16149794
0,0.20589328
0,0.18781817
0,0.16146788
0,0.195966
0,0.16331854
0,0.16331854
0,0.16111289
0,0.17139523
0,0.17324583
0,0.16321525
0,0.195966
0,0.16331854
0,0.16331854
0,0.17077681
0,0.16547076
0,0.16528063
0,0.16941749
0,0.17744218
0,0.16751488
0,0.16751488
0,0.16751488
0,0.16751488
0,0.17554428
0,0.1543265
0,0.1543265
0,0.14826721
0,0.14826721
0,0.15185206
0,0.14654988
0,0.14654988
0,0.14024252
0,0.14024252
0,0.22114995
0,0.21389467
0,0.18974815
0,0.17892835
0,0.18488385
0,0.17968585
0,0.19481112
0,0.16318297
0,0.22160192
0,0.19745538
0,0.1948614
0,0.19078426
0,0.18932492
0,0.21659751
0,0.20521086
0,0.21513817
0,0.24563839
0,0.23582146
0,0.22589415
0,0.21140833
1,0.23582146
1,0.22253263
1,0.22081271
1,0.21731313
1,0.19421154
0,0.17064345
0,0.17872012
1,0.25933525
1,0.18885562
1,0.17274581
1,0.17274581
0,0.16942081
0,0.16942081
0,0.20839834
0,0.17884469
0,0.18977514
0,0.17694205
0,0.17470786
0,0.17694205
0,0.16891736
0,0.22228894
0,0.17929906
0,0.18006733
1,0.30364183
0,0.17951858
0,0.18006733
0,0.17951858
0,0.17766792
0,0.17617255
0,0.17293121
0,0.15744604
0,0.15949015
0,0.15949015
1,0.16751488
1,0.16528063
0,0.15330762
0,0.15330762
0,0.17069542
0,0.16287045
0,0.16287045
0,0.15330762
0,0.15330762
0,0.15330762
0,0.15330762
0,0.15330762
0,0.15140972
0,0.15140972
0,0.14024252
0,0.14024252
0,0.1463018
0,0.14024252
0,0.14024252
0,0.15112847
0,0.14024252
0,0.14024252
0,0.14024252
0,0.14024252
0,0.14024252
0,0.14024252
0,0.14024252
0,0.14024252
0,0.14024252
0,0.14024252
0,0.14024252
0,0.14024252
0,0.14024252
0,0.14024252
0,0.14024252
0,0.14024252
0,0.14024252
0,0.14024252
0,0.14024252
0,0.14024252
0,0.14024252
0,0.14024252
0,0.14024252
0,0.14024252
0,0.14024252
0,0.14024252
0,0.14024252
0,0.14024252
0,0.14024252
0,0.14024252
0,0.14024252
0,0.14024252
0,0.14024252
0,0.14024252
0,0.14024252
0,0.14024252
0,0.14187366
0,0.14187366
0,0.14187366
0,0.14187366
0,0.14187366
0,0.1408934
0,0.13926226
0,0.14024252
0,0.14024252
0,0.13926226
0,0.13926226
0,0.1892345
0,0.16287045
0,0.16287045
0,0.15140972
0,0.1463018
0,0.15477124
0,0.14360404
0,0.15112847
0,0.15140972
0,0.1463018
0,0.14024252
0,0.14024252
0,0.14024252
0,0.14024252
0,0.14024252
0,0.14024252
0,0.14024252
0,0.14024252
0,0.14024252
0,0.14024252
0,0.14024252
0,0.14024252
0,0.14024252
0,0.14024252
0,0.14024252
0,0.14024252
0,0.13926226
0,0.13926226
0,0.13926226
0,0.13926226
0,0.13926226
0,0.13926226
0,0.13926226
0,0.13926226
0,0.13926226
0,0.1680655
0,0.1498814
0,0.151732
0,0.16289923
0,0.16289923
0,0.15779135
0,0.15779135
0,0.151732
0,0.151732
0,0.151732
0,0.14837044
0,0.14837044
0,0.14837044
0,0.14837044
0,0.14837044
0,0.16393228
0,0.13256262
0,0.13256262
0,0.13158238
0,0.13158238
0,0.13158238
0,0.13158238
0,0.13158238
0,0.13158238
0,0.13158238
0,0.13158238
0,0.13158238
0,0.1408934
0,0.13926226
0,0.13926226
0,0.13926226
0,0.13926226
0,0.13926226
0,0.14766194
0,0.13926226
0,0.15102346
0,0.13158238
0,0.13926226
0,0.13158238
0,0.13158238
0,0.13158238
0,0.13926226
0,0.13926226
0,0.13158238
0,0.13158238
0,0.13685536
1,0.13158238
1,0.13926226
0,0.13926226
0,0.13158238
0,0.13158238
0,0.13158238
0,0.13158238
0,0.14882503
0,0.17995042
0,0.15584145
1,0.1568217
1,0.1568217
1,0.17442892
0,0.1530882
0,0.1530882
0,0.15519056
0,0.15210795
0,0.15210795
0,0.14627863
0,0.14627863
0,0.14438072
0,0.13321352
0,0.13321352
0,0.1408934
0,0.13321352
0,0.13321352
0,0.13321352
0,0.1408934
0,0.13158238
0,0.13158238
0,0.13158238
0,0.13158238
0,0.13158238
0,0.13158238
0,0.13158238
0,0.13158238
0,0.13158238
0,0.13158238
0,0.13926226
0,0.13158238
0,0.13158238
0,0.13685536
0,0.13158238
0,0.13685536
0,0.13158238
0,0.13158238
0,0.13158238
0,0.13158238
0,0.13158238
0,0.13158238
0,0.13685536
0,0.13158238
0,0.13158238
0,0.13158238
0,0.13158238
0,0.13158238
0,0.13158238
0,0.13158238
0,0.13158238
0,0.13158238
0,0.13158238
0,0.13158238
0,0.13158238
0,0.13158238
0,0.13158238
0,0.13158238
0,0.13158238
0,0.13158238
0,0.13158238
0,0.13158238
0,0.13321352
0,0.13321352
0,0.13321352
0,0.13321352
0,0.13158238
0,0.13158238
0,0.13158238
0,0.13158238
0,0.13158238
0,0.13158238
0,0.13158238
0,0.13158238
0,0.13158238
0,0.13158238
0,0.13158238
0,0.13158238
0,0.13685536
0,0.13158238
0,0.13158238
0,0.13158238
0,0.13158238
0,0.13158238
0,0.13158238
0,0.13158238
0,0.13158238
0,0.13158238
0,0.13158238
0,0.13158238
0,0.13158238
0,0.13158238
0,0.13158238
0,0.13158238
0,0.13158238
0,0.13158238
0,0.13158238
0,0.13158238
0,0.14766194
0,0.13158238
0,0.13158238
0,0.13926226
0,0.13158238
0,0.13158238
0,0.13158238
0,0.13158238
0,0.13158238
0,0.13158238
0,0.13158238
0,0.13158238
0,0.13158238
0,0.13158238
0,0.13158238
0,0.13158238
0,0.13158238
0,0.13158238
0,0.13158238
0,0.13158238
0,0.13158238
0,0.13158238
0,0.13158238
0,0.13158238
0,0.13158238
0,0.13158238
0,0.13158238
0,0.13158238
0,0.13158238
0,0.13158238
0,0.13158238
0,0.13158238
0,0.13158238
0,0.13158238
0,0.13158238
0,0.13158238
0,0.13158238
0,0.13158238
0,0.13158238
0,0.13158238
0,0.13158238
0,0.13158238
0,0.13158238
0,0.13158238
0,0.13158238
0,0.13158238
0,0.13158238
0,0.13158238
0,0.13158238
0,0.13158238
0,0.13158238
0,0.13158238
0,0.13158238
1,0.24423563
1,0.23190151
0,0.19038634
0,0.17654477
0,0.1610399
0,0.16835701
0,0.1568217
0,0.1568217
1,0.20604226
1,0.17684582
0,0.1568217
0,0.16942081
0,0.16159584
0,0.1568217
0,0.14725888
0,0.15253186
0,0.15355475
1,0.20300722
0,0.16903213
1,0.1946725
0,0.16903213
0,0.1530882
0,0.16287045
0,0.16046356
1,0.15519056
1,0.15330762
0,0.15330762
0,0.14562772
0,0.17069542
0,0.17279778
0,0.17279778
0,0.15330762
0,0.15330762
0,0.16287045
0,0.15330762
0,0.17279778
0,0.17279778
0,0.17279778
0,0.1892345
0,0.17279778
0,0.17279778
0,0.16287045
1,0.17279778
0,0.17279778
0,0.17069542
0,0.1530882
0,0.1530882
0,0.15519056
0,0.16046356
0,0.16046356
0,0.14562772
0,0.14562772
0,0.14562772
0,0.15330762
0,0.14562772
0,0.14562772
0,0.14562772
0,0.14562772
0,0.14562772
0,0.14562772
0,0.14372982
0,0.14372982
0,0.15140972
0,0.13256262
0,0.13256262
0,0.13256262
0,0.13256262
0,0.13256262
0,0.13256262
0,0.13256262
0,0.13256262
0,0.13256262
0,0.13256262
0,0.13256262
0,0.13256262
0,0.13256262
0,0.13256262
0,0.13256262
0,0.14024252
0,0.13256262
0,0.13256262
0,0.13256262
0,0.13256262
0,0.13256262
0,0.13256262
0,0.13158238
0,0.13256262
0,0.13256262
0,0.13256262
0,0.13256262
0,0.13256262
0,0.13256262
0,0.13256262
0,0.14024252
0,0.14024252
0,0.14024252
0,0.14024252
0,0.14024252
0,0.14024252
0,0.14024252
0,0.14024252
0,0.14024252
0,0.13256262
0,0.14024252
0,0.14024252
0,0.13256262
0,0.13256262
0,0.14382736
0,0.13256262
0,0.13256262
0,0.13256262
0,0.13256262
0,0.14024252
0,0.13256262
0,0.13158238
0,0.13256262
0,0.15471163
0,0.14024252
0,0.13256262
0,0.13256262
0,0.13158238
0,0.13158238
0,0.13158238
0,0.13158238
0,0.13158238
0,0.13158238
0,0.13158238
0,0.13158238
0,0.13158238
0,0.13158238
0,0.13158238
0,0.13158238
0,0.13158238
0,0.13158238
0,0.13158238
0,0.13158238
0,0.13158238
0,0.13256262
0,0.13158238
0,0.13158238
0,0.13516723
0,0.13516723
0,0.13516723
0,0.13516723
0,0.13516723
0,0.13516723
0,0.13516723
0,0.13516723
0,0.14044021
0,0.13516723
0,0.13516723
0,0.13516723
0,0.13516723
0,0.13516723
0,0.13516723
0,0.13516723
0,0.1428471
0,0.1428471
0,0.1428471
0,0.1428471
0,0.1428471
0,0.1428471
0,0.1428471
0,0.1428471
0,0.1428471
0,0.1428471
0,0.1428471
0,0.13926226
0,0.13158238
0,0.13685536
0,0.13926226
0,0.13926226
0,0.13926226
0,0.13926226
0,0.13926226
0,0.13926226
0,0.1428471
0,0.14044021
0,0.1428471
0,0.15124677
0,0.15211722
0,0.13926226
0,0.13926226
0,0.13685536
0,0.13926226
0,0.13926226
0,0.13926226
1,0.13926226
1,0.1428471
1,0.30256438
0,0.16764027
0,0.2834206
0,0.29265413
0,0.31344205
0,0.31344205
0,0.26240584
1,0.32622534
0,0.17558748
0,0.32705796
0,0.32890746
0,0.3096877
0,0.31752995
0,0.31326887
0,0.32890746
0,0.31752995
0,0.3421984
0,0.2464738
0,0.3188379
1,0.34424943
0,0.22551297
1,0.33603814
0,0.17768984
0,0.23538329
1,0.33209744
0,0.17768984
0,0.17564572
0,0.30601913
1,0.3526503
0,0.2707123
0,0.16875377
0,0.17354336
1,0.35969907
1,0.31327364
0,0.17748407
0,0.17354336
0,0.17748407
0,0.3506926
0,0.2612454
1,0.30820787
0,0.17768984
1,0.33848244
0,0.18163054
1,0.2994827
0,0.2980239
1,0.22948019
0,0.25952992
0,0.28703737
0,0.28499326
0,0.32024693
0,0.33162445
0,0.29224202
0,0.33569738
0,0.17488904
0,0.33175668
1,0.34504762
0,0.29237425
0,0.22074987
0,0.29237425
0,0.3112038
0,0.3064142
0,0.3112038
0,0.27326286
0,0.32258132
0,0.3112038
0,0.3112038
0,0.3112038
0,0.32040882
0,0.32619902
1,0.31762326
0,0.17924604
0,0.32619902
0,0.32619902
0,0.32619902
0,0.3547119
0,0.3257513
1,0.35281548
1,0.3394594
1,0.3705666
1,0.35822728
0,0.324456
1,0.3747262
1,0.37963018
0,0.34373334
1,0.35297564
0,0.17814034
1,0.29878017
0,0.16551346
0,0.33918282
1,0.2915048
0,0.18515109
1,0.3506926
1,0.31047752
0,0.17071809
0,0.33524212
0,0.3467519
0,0.29510725
0,0.3353744
0,0.3353744
1,0.33848244
1,0.34791052
1,0.34396982
1,0.34707788
0,0.17340535
0,0.16508152
0,0.2767727
0,0.24666543
0,0.31972277
0,0.21783432
0,0.31578207
1,0.31972277
0,0.2509902
0,0.2509902
0,0.21935041
0,0.24919789
0,0.3279922
1,0.36942506
0,0.16718388
0,0.29031873
0,0.31972277
0,0.28298753
0,0.31578207
0,0.32851636
1,0.3079635
0,0.2754937
0,0.30349863
0,0.2385343
0,0.23957978
0,0.3196645
0,0.24500443
0,0.3229587
0,0.30490184
0,0.30490184
0,0.33945388
0,0.2862461
0,0.33326375
1,0.4513573
0,0.23396039
0,0.26289698
0,0.2848219
0,0.2848219
0,0.26289698
0,0.3135675
0,0.2848219
0,0.29551062
0,0.30299544
0,0.17486762
1,0.3414287
0,0.20735954
0,0.25710678
0,0.30443618
0,0.22796433
0,0.28029338
0,0.285083
0,0.29183102
0,0.315517
0,0.26702613
0,0.31408644
0,0.32904875
1,0.30308706
1,0.2451168
0,0.2587626
0,0.28986982
0,0.21055442
0,0.23319179
0,0.27170205
0,0.27170205
0,0.26817107
0,0.17550887
0,0.27734643
0,0.29682744
1,0.30697805
0,0.17861117
1,0.30697805
0,0.18006665
1,0.3097458
0,0.18134263
0,0.3126022
0,0.21907918
1,0.33391634
1,0.31159428
1,0.27040836
1,0.33998722
1,0.36559165
0,0.33998722
0,0.3499318
0,0.32253882
1,0.3499318
1,0.34208956
1,0.3463417
0,0.2931837
1,0.35493714
0,0.16060519
0,0.15850283
0,0.315954
0,0.28090608
0,0.28090608
0,0.33175683
0,0.3120133
0,0.28090608
0,0.32118863
1,0.2900814
1,0.32118863
1,0.2931837
0,0.16448765
0,0.33699146
1,0.3502824
0,0.19290873
1,0.3463417
0,0.16320556
0,0.15540054
1,0.32429668
1,0.289043
0,0.289043
0,0.15540054
0,0.15540054
0,0.14949745
0,0.30930147
0,0.30930147
0,0.30930147
0,0.24162473
0,0.32199627
0,0.15674621
0,0.32593697
0,0.29448515
0,0.22968046
0,0.2978385
0,0.16466536
0,0.30481732
0,0.20739661
0,0.31048933
0,0.42202702
0,0.27936134
1,0.3655817
0,0.2501519
1,0.32782856
0,0.22468859
0,0.27730203
0,0.2501519
0,0.30653223
0,0.1904633
1,0.31243065
1,0.3106006
0,0.26963297
0,0.26758885
0,0.32838067
0,0.30889273
0,0.21642107
1,0.3340307
0,0.2577376
0,0.27870548
1,0.28078312
1,0.3171007
1,0.2859935
1,0.32630572
0,0.26228678
0,0.32215926
1,0.34789875
0,0.29684225
0,0.3447907
0,0.3009887
0,0.33209592
0,0.3447907
0,0.32685202
0,0.32034168
1,0.41612265
1,0.354245
0,0.16060519
1,0.32118863
0,0.15540054
0,0.33735198
0,0.3132486
0,0.31042397
0,0.15546988
0,0.3050591
0,0.26918328
0,0.25624767
0,0.26918328
0,0.1534665
0,0.25314116
1,0.31975862
0,0.24707232
0,0.25801688
0,0.21503475
0,0.15540054
0,0.24441415
0,0.29534343
0,0.28650123
0,0.29744577
0,0.19313705
0,0.29744577
0,0.2965967
0,0.28875446
0,0.31239954
1,0.3151899
0,0.29938707
0,0.1626493
0,0.29601678
1,0.28742135
0,0.29013163
1,0.28002965
0,0.16309981
0,0.16054694
0,0.15540054
0,0.15540054
0,0.15934125
0,0.3005374
0,0.28565216
0,0.2965967
0,0.29348865
0,0.2532215
0,0.28875446
0,0.2965967
1,0.29348865
1,0.30397198
1,0.3172315
0,0.15850283
0,0.3184901
1,0.32724413
0,0.27423137
0,0.31083173
0,0.2859349
0,0.33057526
0,0.3022363
0,0.3022363
0,0.15674621
0,0.15259974
0,0.15259974
0,0.273193
0,0.14949745
0,0.3250879
0,0.22582194
0,0.2560813
0,0.31803912
1,0.3022363
0,0.27423137
0,0.27423137
0,0.31083173
0,0.3022363
0,0.15674621
0,0.31280446
0,0.30886376
0,0.2619537
0,0.29306093
0,0.30226594
0,0.30226594
0,0.2803341
1,0.3172315
1,0.3172315
1,0.2861243
0,0.27484658
0,0.23774578
0,0.32696703
0,0.28005698
0,0.28005698
0,0.32033956
0,0.29233465
0,0.32428026
0,0.32033956
0,0.32033956
0,0.32833835
0,0.28369796
0,0.30859482
0,0.26084486
0,0.29083678
0,0.15754363
0,0.29941255
0,0.15239723
0,0.24990611
0,0.29023722
0,0.26831225
0,0.29023722
0,0.29746428
0,0.249458
0,0.33902726
0,0.2681032
0,0.2681032
0,0.2681032
1,0.13256262
1,0.14024252
0,0.14024252
0,0.14024252
0,0.13783562
0,0.13256262
0,0.15365715
0,0.13256262
0,0.13256262
0,0.13256262
0,0.13419376
0,0.13419376
0,0.13419376
0,0.13256262
0,0.13256262
0,0.13256262
0,0.13256262
0,0.13256262
0,0.13256262
0,0.15427236
0,0.13256262
0,0.13256262
0,0.13256262
0,0.14024252
0,0.14024252
0,0.14024252
0,0.13256262
0,0.14344858
0,0.15365715
0,0.17279778
0,0.14562772
0,0.14562772
0,0.14562772
0,0.16323495
0,0.15140972
0,0.14372982
0,0.1775535
0,0.15666914
0,0.16469857
0,0.14372982
0,0.13862191
0,0.1463018
1,0.16133705
0,0.14900282
0,0.15090072
0,0.16082805
0,0.15519056
0,0.15330762
0,0.15140972
0,0.17279778
0,0.17279778
0,0.17279778
0,0.16287045
0,0.17279778
0,0.16287045
0,0.1530882
0,0.15330762
0,0.15090072
0,0.19552368
0,0.17733954
0,0.17908691
0,0.18243666
0,0.15330762
0,0.15330762
0,0.15330762
0,0.15140972
0,0.1463018
0,0.14024252
0,0.13256262
0,0.13256262
0,0.13256262
0,0.13256262
0,0.14024252
0,0.14024252
0,0.13256262
0,0.14024252
0,0.13256262
0,0.13256262
0,0.13256262
0,0.13256262
0,0.14024252
0,0.13926226
0,0.13926226
0,0.13516723
0,0.1428471
0,0.14044021
0,0.1428471
0,0.1428471
0,0.1428471
0,0.1428471
0,0.13516723
0,0.13516723
0,0.14044021
0,0.1428471
0,0.13516723
0,0.13516723
0,0.13516723
0,0.13516723
0,0.13516723
0,0.13158238
0,0.13685536
0,0.13158238
0,0.13158238
0,0.13158238
0,0.13158238
0,0.13158238
0,0.13321352
0,0.13321352
0,0.1408934
0,0.14929308
0,0.1408934
0,0.13158238
0,0.13158238
0,0.13158238
0,0.13158238
0,0.13158238
0,0.13926226
0,0.13926226
0,0.13158238
0,0.13158238
0,0.13158238
0,0.13158238
0,0.13158238
0,0.13158238
0,0.13158238
0,0.13158238
0,0.13158238
0,0.13158238
0,0.13158238
0,0.13158238
0,0.13158238
0,0.13158238
0,0.13158238
0,0.13158238
0,0.13685536
0,0.13158238
0,0.13158238
0,0.13158238
0,0.13158238
0,0.13158238
0,0.13158238
0,0.13158238
0,0.13158238
0,0.13158238
0,0.13158238
0,0.13685536
0,0.13158238
0,0.13158238
0,0.13158238
0,0.13158238
0,0.13158238
0,0.13158238
0,0.13158238
0,0.13158238
0,0.13158238
0,0.13158238
0,0.13158238
0,0.13158238
0,0.13158238
0,0.13158238
0,0.13158238
0,0.13158238
0,0.13158238
0,0.13158238
0,0.13158238
0,0.13158238
0,0.13926226
0,0.13158238
0,0.13158238
0,0.13158238
0,0.13158238
0,0.13158238
0,0.14440738
0,0.13158238
0,0.13158238
0,0.13158238
0,0.13685536
0,0.13158238
0,0.13926226
0,0.13158238
0,0.13158238
0,0.13158238
0,0.13158238
0,0.13158238
0,0.13926226
0,0.13158238
0,0.14443733
0,0.13158238
0,0.13158238
0,0.14024252
0,0.14024252
0,0.14024252
0,0.14024252
0,0.13256262
0,0.14024252
0,0.14024252
0,0.14024252
0,0.13256262
0,0.14187366
0,0.13419376
0,0.14187366
0,0.13419376
0,0.13321352
0,0.13256262
0,0.14024252
0,0.13158238
0,0.14024252
0,0.13256262
0,0.1453876
0,0.13256262
0,0.13256262
0,0.13256262
0,0.13256262
0,0.13158238
0,0.13158238
0,0.13158238
0,0.13158238
0,0.13158238
0,0.13158238
0,0.13158238
0,0.13158238
1,0.13158238
1,0.13685536
1,0.13158238
0,0.13926226
0,0.13926226
0,0.14603852
0,0.14804928
0,0.15366228
0,0.13321352
0,0.13321352
1,0.13321352
0,0.1408934
0,0.13321352
0,0.1408934
0,0.13321352
0,0.13321352
0,0.13321352
0,0.13321352
0,0.13321352
0,0.13321352
0,0.1384865
0,0.1408934
0,0.13321352
0,0.1408934
0,0.1408934
0,0.13321352
0,0.13158238
0,0.13158238
0,0.13158238
0,0.13926226
0,0.13158238
0,0.13926226
0,0.13926226
0,0.13926226
0,0.13926226
0,0.13926226
0,0.13926226
0,0.13926226
0,0.13158238
0,0.13158238
0,0.13158238
0,0.13158238
0,0.13158238
0,0.13158238
0,0.13158238
0,0.13158238
0,0.13158238
0,0.13158238
0,0.13158238
0,0.13158238
0,0.13158238
0,0.13158238
0,0.13158238
0,0.13158238
0,0.13158238
0,0.13158238
0,0.13158238
0,0.13158238
0,0.13158238
0,0.13158238
0,0.13158238
0,0.13158238
0,0.13158238
0,0.13158238
0,0.13158238
0,0.13158238
0,0.13158238
0,0.13158238
0,0.15569903
0,0.13158238
0,0.13158238
0,0.13158238
0,0.13158238
0,0.13158238
0,0.13158238
0,0.13158238
0,0.13158238
0,0.13158238
0,0.13158238
0,0.13158238
0,0.13158238
0,0.13158238
0,0.13158238
0,0.13158238
0,0.13926226
0,0.13158238
0,0.13158238
0,0.13158238
0,0.13158238
0,0.13158238
0,0.13158238
0,0.13158238
0,0.13158238
0,0.13158238
0,0.13158238
0,0.13926226
0,0.13926226
0,0.17191552
0,0.13926226
0,0.13926226
0,0.13926226
0,0.13158238
0,0.13926226
0,0.13158238
0,0.20966867
0,0.14268996
0,0.12983501
0,0.12983501
0,0.13158238
0,0.13158238
0,0.13158238
0,0.13158238
0,0.13158238
0,0.13685536
0,0.13158238
0,0.13158238
0,0.13158238
0,0.13158238
0,0.13158238
0,0.13158238
0,0.13158238
0,0.13158238
0,0.13158238
0,0.13158238
0,0.13158238
0,0.13158238
0,0.13158238
0,0.13158238
0,0.13158238
0,0.13158238
0,0.13926226
0,0.15244447
0,0.13158238
0,0.13158238
0,0.15373138
0,0.12983501
0,0.13158238
0,0.13158238
0,0.13158238
0,0.13158238
0,0.13158238
0,0.13158238
0,0.13926226
0,0.13158238
0,0.13158238
0,0.13158238
0,0.13926226
0,0.13926226
0,0.13926226
0,0.13158238
0,0.13926226
0,0.13158238
0,0.13926226
0,0.13685536
0,0.13926226
0,0.13926226
0,0.13926226
0,0.14940389
0,0.14940389
0,0.15125449
0,0.15125449
0,0.14766964
0,0.14766964
0,0.18233716
0,0.18233716
1,0.29415172
0,0.17029764
0,0.1530549
0,0.16073477
0,0.15888414
0,0.15647724
0,0.15457934
0,0.15330762
0,0.15090072
1,0.23972528
0,0.16567206
1,0.1783743
0,0.16076809
0,0.16076809
0,0.16450159
0,0.17442892
0,0.16450159
0,0.17442892
0,0.16450159
0,0.17007811
0,0.16287045
0,0.16287045
0,0.1783743
0,0.15888414
0,0.15647724
0,0.15888414
1,0.24781425
0,0.17069542
0,0.17279778
0,0.16287045
0,0.17279778
0,0.16287045
0,0.17279778
0,0.16287045
0,0.17442892
0,0.16450159
0,0.17442892
0,0.17442892
0,0.16450159
0,0.17442892
0,0.16287045
0,0.16287045
0,0.16287045
0,0.16287045
0,0.16287045
0,0.16323495
0,0.16076809
0,0.16076809
0,0.17279778
0,0.16287045
0,0.15330762
0,0.15330762
0,0.16323495
0,0.15330762
0,0.15330762
0,0.15330762
0,0.15330762
0,0.15330762
0,0.15330762
0,0.14900282
0,0.14024252
0,0.14024252
0,0.14024252
0,0.14024252
0,0.13256262
0,0.13256262
0,0.13256262
0,0.13256262
0,0.13256262
0,0.14024252
0,0.13783562
0,0.14024252
1,0.13256262
1,0.13256262
1,0.14024252
1,0.14024252
0,0.17069542
0,0.17279778
0,0.16287045
0,0.16046356
0,0.17279778
0,0.16287045
0,0.1892345
0,0.16287045
0,0.15330762
0,0.15330762
0,0.15330762
0,0.15330762
0,0.15330762
1,0.15330762
0,0.15330762
0,0.15140972
0,0.14024252
0,0.13256262
0,0.14372982
0,0.14372982
0,0.13783562
0,0.13256262
0,0.13256262
0,0.13256262
0,0.13256262
0,0.14024252
0,0.13256262
0,0.13256262
0,0.13256262
0,0.13783562
0,0.13256262
0,0.13256262
0,0.14024252
0,0.13256262
0,0.14024252
0,0.13256262
0,0.13256262
0,0.13256262
0,0.13256262
0,0.13158238
0,0.13685536
0,0.13158238
0,0.13158238
0,0.13158238
0,0.13158238
0,0.13158238
0,0.13158238
0,0.13158238
0,0.13321352
0,0.13321352
0,0.13321352
0,0.13321352
0,0.13321352
0,0.13321352
0,0.13321352
0,0.13321352
0,0.15681522
0,0.13321352
0,0.13321352
0,0.15681522
1,0.15681522
1,0.15681522
1,0.15681522
1,0.15681522
0,0.16315451
0,0.14574458
0,0.15883231
0,0.15356955
0,0.15215899
0,0.14574458
0,0.1551648
0,0.1551648
0,0.19453576
0,0.15893407
0,0.13618176
0,0.13618176
0,0.14610907
0,0.14926952
0,0.1551648
1,0.1551648
1,0.1551648
0,0.1551648
0,0.15353365
0,0.15353365
0,0.15353365
0,0.15353365
0,0.12993196
0,0.15353365
0,0.15353365
0,0.12993196
0,0.15353365
0,0.1315631
0,0.1315631
0,0.12993196
0,0.13761184
0,0.12993196
0,0.12993196
0,0.12993196
0,0.19259605
0,0.15519056
0,0.17794287
0,0.17797282
0,0.16804549
0,0.17797282
0,0.16804549
1,0.23217484
0,0.18841477
0,0.23324373
0,0.19044779
0,0.26262262
1,0.25941387
1,0.22222185
0,0.23672386
0,0.18533452
0,0.1805449
1,0.2545191
0,0.18533452
0,0.25750935
0,0.18242876
0,0.25750935
0,0.25750935
0,0.25750935
0,0.23802835
0,0.24886866
0,0.26888686
0,0.25197098
0,0.25750935
0,0.25750935
0,0.25313687
0,0.26346487
0,0.26346487
1,0.26346487
1,0.26346487
1,0.25825015
0,0.1836472
0,0.2585609
0,0.26346487
0,0.2499202
0,0.26346487
0,0.1954365
0,0.27484238
0,0.24875422
0,0.27995566
1,0.2741349
1,0.29084846
1,0.22634749
0,0.24882786
0,0.2857352
0,0.21624552
0,0.18843682
0,0.26346487
0,0.24472222
0,0.2300116
0,0.20085943
0,0.18598069
0,0.2032089
0,0.20085943
0,0.24907057
0,0.23301795
1,0.25590017
1,0.24132292
0,0.19077031
0,0.18307494
0,0.18740374
0,0.19005485
0,0.2560912
0,0.2032089
0,0.19012716
0,0.19853374
0,0.20085943
0,0.18038222
0,0.1836181
0,0.1812112
0,0.18247911
0,0.18247911
0,0.18247911
0,0.1727551
0,0.17479922
0,0.18247911
0,0.17479922
0,0.17479922
0,0.17479922
0,0.17290132
0,0.16941401
0,0.17342919
0,0.16173412
0,0.16173412
0,0.16173412
0,0.15969001
0,0.16173412
0,0.16173412
0,0.15969001
0,0.16173412
0,0.16173412
0,0.16173412
0,0.16173412
0,0.16173412
0,0.16173412
0,0.16173412
0,0.1443217
0,0.17639636
0,0.1554889
0,0.15038098
0,0.1443217
0,0.14300843
0,0.14505866
0,0.13887
1,0.15038098
0,0.15003721
0,0.14492929
0,0.13887
0,0.13887
0,0.13887
0,0.13887
0,0.13887
0,0.14050114
0,0.14050114
0,0.14050114
0,0.13419376
0,0.14187366
0,0.13419376
0,0.14701875
0,0.13419376
0,0.14024252
0,0.13256262
0,0.13256262
0,0.14024252
0,0.14024252
0,0.14918059
0,0.14918059
0,0.14024252
0,0.13256262
0,0.13783562
0,0.13256262
0,0.13256262
0,0.13887
0,0.13256262
0,0.14024252
0,0.13590494
0,0.13256262
0,0.13256262
0,0.1919844
0,0.14372982
0,0.14372982
0,0.13256262
0,0.13256262
0,0.13256262
0,0.13256262
0,0.13256262
0,0.13256262
0,0.14372982
0,0.14372982
0,0.14372982
0,0.13862191
0,0.13256262
0,0.13256262
0,0.13256262
0,0.13256262
0,0.13256262
0,0.13256262
0,0.13256262
0,0.13256262
0,0.16836321
0,0.14940962
0,0.15130752
0,0.14930636
0,0.13813916
0,0.13813916
0,0.13813916
0,0.13813916
0,0.13256262
0,0.13590494
0,0.13256262
0,0.13256262
0,0.13256262
0,0.13256262
0,0.13256262
0,0.13256262
0,0.13256262
0,0.13256262
0,0.13256262
0,0.13321352
0,0.13419376
0,0.13419376
0,0.17940493
0,0.1552883
0,0.15365715
0,0.15112847
0,0.13256262
0,0.15112847
0,0.18597993
0,0.15519056
0,0.17039089
0,0.15519056
0,0.16751488
1,0.16751488
0,0.15949015
0,0.15330762
0,0.15330762
0,0.16323495
0,0.15949015
0,0.15949015
0,0.17744218
0,0.16751488
0,0.16133234
0,0.15330762
0,0.16133234
0,0.16301925
0,0.15499456
0,0.16491719
0,0.16491719
0,0.18195441
0,0.16676782
0,0.17202711
0,0.17202711
0,0.16676782
0,0.17669512
0,0.17669512
0,0.16502045
0,0.16502045
0,0.17699735
0,0.17509948
0,0.16393228
0,0.15011781
0,0.16393228
0,0.16393228
0,0.16128507
0,0.16128507
0,0.18692465
0,0.18692465
0,0.1784567
0,0.18020406
0,0.19013137
0,0.17624539
0,0.16318297
1,0.17874472
1,0.16318297
0,0.16133234
0,0.16133234
0,0.17125964
0,0.18082248
0,0.17089514
0,0.16133234
0,0.16133234
0,0.16133234
1,0.20914781
0,0.17042392
0,0.18082248
1,0.17089514
0,0.16076809
0,0.16707546
0,0.16287045
0,0.16076809
0,0.16076809
0,0.15330762
1,0.15493876
1,0.15493876
1,0.15304086
0,0.15304086
0,0.1501351
0,0.1389679
0,0.1389679
0,0.1389679
0,0.1389679
0,0.1389679
0,0.1389679
0,0.1389679
0,0.1389679
0,0.1389679
0,0.1389679
0,0.1389679
0,0.1389679
0,0.15831043
0,0.14187366
0,0.14187366
1,0.14024252
0,0.14024252
0,0.14024252
0,0.14024252
0,0.14024252
0,0.14024252
0,0.14024252
0,0.14024252
0,0.15952815
0,0.16133705
0,0.15140972
0,0.15140972
0,0.15140972
0,0.15140972
0,0.15140972
0,0.15140972
0,0.1463018
0,0.14024252
0,0.14024252
0,0.14024252
0,0.14024252
0,0.14024252
0,0.14024252
0,0.14024252
0,0.14024252
0,0.13926226
0,0.13926226
0,0.13926226
0,0.13926226
0,0.13926226
0,0.13926226
0,0.13926226
0,0.13926226
0,0.13926226
0,0.13926226
0,0.13926226
0,0.13926226
0,0.13926226
0,0.13926226
0,0.13926226
0,0.13926226
0,0.13926226
0,0.1428471
1,0.1428471
1,0.1428471
1,0.1428471
0,0.1428471
0,0.1428471
0,0.1428471
0,0.13926226
0,0.13926226
0,0.13926226
0,0.13926226
0,0.13926226
0,0.13926226
0,0.1408934
0,0.1408934
0,0.1408934
0,0.1408934
0,0.1408934
0,0.1408934
0,0.1408934
0,0.1408934
0,0.1408934
0,0.13926226
0,0.13926226
0,0.13926226
0,0.13926226
0,0.13926226
0,0.13926226
0,0.13926226
0,0.13926226
0,0.13926226
0,0.13926226
0,0.13926226
0,0.13926226
0,0.13926226
0,0.13926226
0,0.13926226
0,0.14766194
0,0.13926226
0,0.13926226
0,0.13926226
0,0.13926226
0,0.13926226
0,0.13926226
0,0.13926226
0,0.13926226
0,0.13926226
0,0.13926226
0,0.13926226
0,0.13926226
0,0.13926226
0,0.13926226
0,0.13926226
0,0.13926226
0,0.13926226
0,0.13926226
0,0.13926226
0,0.13926226
0,0.13926226
0,0.13926226
0,0.13926226
0,0.17679353
0,0.16035679
0,0.13926226
0,0.16035679
0,0.15232736
