Ticker,Date,close,open,high,low,volume,Max_increase,Max_decrease,y_pred
ABX.to,2022-02-24,28.8700008392334,30.100000381469727,30.280000686645508,28.299999237060547,8725300.0,,,0.2653067
ABX.to,2022-02-25,28.670000076293945,28.299999237060547,28.770000457763672,28.1299991607666,4965900.0,,,0.29457524
ABX.to,2022-02-28,28.649999618530277,29.11000061035156,29.1299991607666,28.350000381469727,6780100.0,,,0.2940202
ABX.to,2022-03-01,29.88999938964844,28.799999237060547,29.950000762939453,28.799999237060547,9182400.0,,,0.14401679
ABX.to,2022-03-02,29.26000022888184,29.149999618530277,29.65999984741211,28.76000022888184,3866491.0,,,0.29759562
AC.to,2022-02-24,24.40999984741211,23.229999542236328,24.46999931335449,23.049999237060547,6109600.0,,,0.22630031
AC.to,2022-02-25,24.670000076293945,24.59000015258789,25.06999969482422,24.459999084472656,3722400.0,,,0.34106466
AC.to,2022-02-28,23.950000762939453,24.25,24.31999969482422,23.850000381469727,4708500.0,,,0.34623796
AC.to,2022-03-01,22.8700008392334,23.68000030517578,23.88999938964844,22.790000915527344,5324000.0,,,0.34767002
AC.to,2022-03-02,23.809999465942383,23.200000762939453,23.950000762939453,23.149999618530277,2521457.0,,,0.23493731
AEM.to,2022-02-24,66.56999969482422,71.22000122070312,72.04000091552734,65.1500015258789,2753700.0,,,0.30917513
AEM.to,2022-02-25,65.83000183105469,66.0999984741211,66.27999877929688,64.56999969482422,1811200.0,,,0.3348782
AEM.to,2022-02-28,64.02999877929688,66.9000015258789,67.0,63.90999984741211,2852000.0,,,0.3458893
AEM.to,2022-03-01,67.4000015258789,64.4000015258789,67.5999984741211,64.37000274658203,2020900.0,,,0.12767322
AEM.to,2022-03-02,66.69000244140625,66.1500015258789,67.73999786376953,64.97000122070312,1220826.0,,,0.32982028
AQN.to,2022-02-24,17.950000762939453,17.5,17.989999771118164,17.43000030517578,2292800.0,,,0.13923195
AQN.to,2022-02-25,18.09000015258789,17.989999771118164,18.190000534057617,17.920000076293945,2516400.0,,,0.13804092
AQN.to,2022-02-28,18.34000015258789,18.040000915527344,18.450000762939453,18.040000915527344,4266000.0,,,0.14269362
AQN.to,2022-03-01,18.3799991607666,18.3700008392334,18.520000457763672,18.18000030517578,2040500.0,,,0.13902542
AQN.to,2022-03-02,18.45499992370605,18.36000061035156,18.5,18.325000762939453,1648146.0,,,0.13639766
ARX.to,2022-02-24,15.079999923706056,15.170000076293944,15.210000038146973,14.640000343322754,3775200.0,,,0.30427957
ARX.to,2022-02-25,15.25,15.029999732971191,15.350000381469728,14.989999771118164,3634200.0,,,0.3425866
ARX.to,2022-02-28,15.670000076293944,15.449999809265137,15.800000190734863,15.229999542236328,5162600.0,,,0.18485333
ARX.to,2022-03-01,15.9399995803833,16.0,16.360000610351562,15.760000228881836,5664200.0,,,0.34424573
ARX.to,2022-03-02,15.710000038146973,16.239999771118164,16.299999237060547,15.609999656677246,2540077.0,,,0.34424573
ATD.to,2022-02-24,49.470001220703125,48.0099983215332,49.54999923706055,47.58000183105469,1724200.0,,,0.27495617
ATD.to,2022-02-25,51.209999084472656,49.40999984741211,51.2400016784668,48.869998931884766,2013100.0,,,0.1750628
ATD.to,2022-02-28,49.75,50.95000076293945,50.95000076293945,49.59000015258789,4333200.0,,,0.34938115
ATD.to,2022-03-01,49.13999938964844,49.68999862670898,50.02999877929688,48.7599983215332,1597100.0,,,0.34614557
ATD.to,2022-03-02,49.47999954223633,49.04999923706055,49.9900016784668,49.04999923706055,685545.0,,,0.31515905
BAM-A.to,2022-02-24,68.25,64.5999984741211,68.33000183105469,64.26000213623047,2886600.0,,,0.21898709
BAM-A.to,2022-02-25,69.58000183105469,68.26000213623047,69.79000091552734,67.4800033569336,2075200.0,,,0.2225344
BAM-A.to,2022-02-28,69.2699966430664,68.33000183105469,69.4000015258789,67.87999725341797,2465600.0,,,0.2915983
BAM-A.to,2022-03-01,68.02999877929688,69.16000366210938,69.29000091552734,66.94000244140625,2448100.0,,,0.32981306
BAM-A.to,2022-03-02,69.19499969482422,68.19000244140625,69.4000015258789,68.19000244140625,787460.0,,,0.30872577
BCE.to,2022-02-24,66.76000213623047,65.25,66.94000244140625,65.05000305175781,5685200.0,,,0.13120432
BCE.to,2022-02-25,67.1500015258789,66.91000366210938,67.44999694824219,66.66000366210938,2741300.0,,,0.13195038
BCE.to,2022-02-28,66.56999969482422,66.9800033569336,67.11000061035156,66.44999694824219,3796600.0,,,0.13120432
BCE.to,2022-03-01,67.05000305175781,66.5,67.18000030517578,66.44999694824219,3418400.0,,,0.13195038
BCE.to,2022-03-02,68.11000061035156,67.16999816894531,68.20999908447266,67.12000274658203,1969024.0,,,0.13195038
BEP-UN.to,2022-02-24,43.959999084472656,41.7400016784668,44.08000183105469,41.54999923706055,324100.0,,,0.16612247
BEP-UN.to,2022-02-25,43.93000030517578,43.5,44.29999923706055,43.150001525878906,318200.0,,,0.26309973
BEP-UN.to,2022-02-28,45.560001373291016,44.09000015258789,45.68000030517578,44.09000015258789,331500.0,,,0.14037168
BEP-UN.to,2022-03-01,46.209999084472656,46.08000183105469,46.400001525878906,45.380001068115234,254600.0,,,0.23352653
BEP-UN.to,2022-03-02,46.2599983215332,46.5,46.5,45.5,151542.0,,,0.23352653
BEPC.to,2022-02-24,45.13999938964844,42.40999984741211,45.15999984741211,42.13999938964844,391300.0,,,0.15516154
BEPC.to,2022-02-25,45.2599983215332,44.77999877929688,45.400001525878906,44.209999084472656,262300.0,,,0.29463124
BEPC.to,2022-02-28,47.5,45.20000076293945,47.5,45.20000076293945,714500.0,,,0.14453085
BEPC.to,2022-03-01,47.369998931884766,47.5099983215332,47.869998931884766,46.75,448100.0,,,0.2998649
BEPC.to,2022-03-02,47.43999862670898,47.900001525878906,47.900001525878906,46.77999877929688,277083.0,,,0.26791012
BHC.to,2022-02-24,29.61000061035156,27.690000534057617,29.690000534057617,27.5,553900.0,,,0.24543351
BHC.to,2022-02-25,30.93000030517578,29.6200008392334,31.280000686645508,29.309999465942383,632200.0,,,0.15160474
BHC.to,2022-02-28,30.489999771118164,30.479999542236328,30.86000061035156,29.86000061035156,932600.0,,,0.32064405
BHC.to,2022-03-01,29.82999992370605,30.32999992370605,30.399999618530277,29.6299991607666,423500.0,,,0.36715546
BHC.to,2022-03-02,30.3700008392334,29.799999237060547,30.6200008392334,29.71999931335449,173719.0,,,0.35718733
BIP-UN.to,2022-02-24,75.19999694824219,74.08999633789062,75.47000122070312,74.08999633789062,525000.0,,,0.13972855
BIP-UN.to,2022-02-25,74.91000366210938,75.05000305175781,75.93000030517578,74.76000213623047,326700.0,,,0.13972855
BIP-UN.to,2022-02-28,75.22000122070312,74.58999633789062,75.4000015258789,73.93000030517578,222800.0,,,0.13972855
BIP-UN.to,2022-03-01,75.7300033569336,75.02999877929688,75.80999755859375,74.27999877929688,249000.0,,,0.1466249
BIP-UN.to,2022-03-02,76.70999908447266,75.48999786376953,77.1500015258789,75.48999786376953,103531.0,,,0.14737095
BMO.to,2022-02-24,142.39999389648438,140.0,142.5,139.14999389648438,3233800.0,,,0.1477217
BMO.to,2022-02-25,145.27000427246094,143.60000610351562,146.39999389648438,143.25999450683594,1866000.0,,,0.14616986
BMO.to,2022-02-28,144.72999572753906,143.2899932861328,144.75999450683594,142.85000610351562,2571000.0,,,0.14500155
BMO.to,2022-03-01,144.6699981689453,146.47999572753906,147.64999389648438,143.22999572753906,2483500.0,,,0.14500155
BMO.to,2022-03-02,147.8300018310547,146.07000732421875,148.85000610351562,145.5500030517578,1183094.0,,,0.14616986
BNS.to,2022-02-24,88.80000305175781,88.0,89.05000305175781,87.6500015258789,5497600.0,,,0.13782553
BNS.to,2022-02-25,91.68000030517578,89.70999908447266,91.9499969482422,89.30000305175781,3109900.0,,,0.14922297
BNS.to,2022-02-28,91.8499984741211,90.5500030517578,92.01000213623048,90.29000091552734,3828100.0,,,0.14922297
BNS.to,2022-03-01,90.88999938964844,92.0199966430664,93.0999984741211,90.41999816894533,3294200.0,,,0.14922297
BNS.to,2022-03-02,93.31999969482422,91.36000061035156,93.5,91.36000061035156,2187864.0,,,0.14922297
CAE.to,2022-02-24,32.0,30.40999984741211,32.099998474121094,30.26000022888184,1522600.0,,,0.23622173
CAE.to,2022-02-25,33.22999954223633,32.36000061035156,33.43000030517578,31.950000762939453,725000.0,,,0.14186296
CAE.to,2022-02-28,33.90999984741211,32.97999954223633,34.439998626708984,32.77000045776367,1150700.0,,,0.22880198
CAE.to,2022-03-01,34.599998474121094,33.75,34.84000015258789,33.45000076293945,991300.0,,,0.22549026
CAE.to,2022-03-02,35.040000915527344,34.97999954223633,35.470001220703125,34.709999084472656,488167.0,,,0.3332527
CCL-A.to,2022-02-24,61.11000061035156,61.0,61.11000061035156,61.0,200.0,,,0.15984468
CCL-A.to,2022-02-25,59.97999954223633,60.9900016784668,60.9900016784668,58.0,800.0,,,0.22979234
CCL-A.to,2022-02-28,57.4900016784668,58.0,58.0,57.38999938964844,1000.0,,,0.33845484
CCL-A.to,2022-03-01,57.0,57.61000061035156,57.61000061035156,56.9900016784668,900.0,,,0.32876992
CCL-A.to,2022-03-02,57.58000183105469,57.0099983215332,57.58000183105469,57.0,1525.0,,,0.3295113
CCL-B.to,2022-02-24,61.470001220703125,60.02999877929688,61.709999084472656,60.02999877929688,409300.0,,,0.2282454
CCL-B.to,2022-02-25,59.27999877929688,60.970001220703125,61.97999954223633,56.93999862670898,590400.0,,,0.25845945
CCL-B.to,2022-02-28,57.13999938964844,58.5,58.88999938964844,56.93999862670898,579800.0,,,0.28146297
CCL-B.to,2022-03-01,56.91999816894531,57.02999877929688,57.84000015258789,56.45000076293945,345800.0,,,0.28550833
CCL-B.to,2022-03-02,57.59000015258789,57.0,57.90999984741211,56.560001373291016,172922.0,,,0.27796957
CCO.to,2022-02-24,28.51000022888184,25.989999771118164,29.26000022888184,25.940000534057617,3197500.0,,,0.16106574
CCO.to,2022-02-25,28.959999084472656,28.36000061035156,28.979999542236328,27.81999969482422,2143200.0,,,0.28704795
CCO.to,2022-02-28,31.170000076293945,29.959999084472656,31.32999992370605,29.76000022888184,3795800.0,,,0.12850031
CCO.to,2022-03-01,31.149999618530277,31.649999618530277,31.729999542236328,30.61000061035156,2297800.0,,,0.31509268
CCO.to,2022-03-02,31.40999984741211,31.440000534057617,31.989999771118164,30.899999618530277,1245962.0,,,0.31509268
CDAY.to,2022-02-24,90.8000030517578,81.18000030517578,90.8000030517578,80.56999969482422,32500.0,,,0.12474955
CDAY.to,2022-02-25,91.16000366210938,89.5999984741211,91.38999938964844,88.55000305175781,27400.0,,,0.32917768
CDAY.to,2022-02-28,92.5999984741211,90.58999633789062,92.69000244140624,90.46499633789062,26900.0,,,0.33917174
CDAY.to,2022-03-01,90.37999725341795,92.61000061035156,93.72000122070312,89.79000091552734,32800.0,,,0.34581625
CDAY.to,2022-03-02,89.73999786376953,91.02999877929688,91.02999877929688,87.44999694824219,28056.0,,,0.34165096
CIGI.to,2022-02-24,177.10000610351562,176.1300048828125,178.82000732421875,173.8699951171875,84100.0,,,0.28222883
CIGI.to,2022-02-25,177.4199981689453,178.22000122070312,178.9499969482422,175.27000427246094,66800.0,,,0.29182848
CIGI.to,2022-02-28,174.0500030517578,176.8699951171875,176.8699951171875,169.22000122070312,170300.0,,,0.25326648
CIGI.to,2022-03-01,166.8800048828125,173.49000549316406,173.49000549316406,166.4199981689453,160600.0,,,0.3446691
CIGI.to,2022-03-02,164.77000427246094,167.2100067138672,168.6699981689453,163.57000732421875,107751.0,,,0.34808367
CM.to,2022-02-24,154.89999389648438,157.0,157.0,152.92999267578125,2166200.0,,,0.1570018
CM.to,2022-02-25,163.61000061035156,159.75999450683594,163.85000610351562,158.22000122070312,2061600.0,,,0.1534992
CM.to,2022-02-28,160.42999267578125,161.5500030517578,161.97000122070312,158.85000610351562,2996200.0,,,0.16603832
CM.to,2022-03-01,157.35000610351562,159.8699951171875,160.3000030517578,156.83999633789062,1442800.0,,,0.16021839
CM.to,2022-03-02,160.64999389648438,158.24000549316406,161.1300048828125,158.14999389648438,788348.0,,,0.1630543
CNQ.to,2022-02-24,67.19999694824219,67.70999908447266,68.02999877929688,65.55000305175781,10729100.0,,,0.22078171
CNQ.to,2022-02-25,69.54000091552734,67.5,69.72000122070312,66.94999694824219,3787500.0,,,0.21719407
CNQ.to,2022-02-28,70.80999755859375,69.5,71.0,69.30000305175781,5359100.0,,,0.27258354
CNQ.to,2022-03-01,71.36000061035156,71.77999877929688,71.98999786376953,70.31999969482422,4339800.0,,,0.27525863
CNQ.to,2022-03-02,73.36000061035156,72.0,73.81999969482422,71.94000244140625,3280057.0,,,0.27916473
CNR.to,2022-02-24,155.9499969482422,151.0,156.0399932861328,150.80999755859375,1165300.0,,,0.21429758
CNR.to,2022-02-25,158.24000549316406,156.66000366210938,159.0399932861328,155.8000030517578,806600.0,,,0.21241027
CNR.to,2022-02-28,157.24000549316406,156.5,158.1699981689453,156.19000244140625,1329800.0,,,0.17976776
CNR.to,2022-03-01,151.7899932861328,156.77999877929688,157.30999755859375,150.9199981689453,1402400.0,,,0.21631332
CNR.to,2022-03-02,156.52999877929688,151.7899932861328,156.69000244140625,151.7899932861328,699509.0,,,0.20858191
CP.to,2022-02-24,88.11000061035156,86.12000274658203,88.26000213623047,86.12000274658203,1827200.0,,,0.26984945
CP.to,2022-02-25,90.01000213623047,88.69999694824219,90.51000213623048,88.08000183105469,1215900.0,,,0.27424127
CP.to,2022-02-28,89.25,88.75,90.36000061035156,88.43000030517578,2228000.0,,,0.27691162
CP.to,2022-03-01,87.91000366210938,88.69999694824219,89.27999877929688,87.61000061035156,1339100.0,,,0.2755864
CP.to,2022-03-02,91.31999969482422,88.08999633789062,91.31999969482422,87.87000274658203,1003920.0,,,0.23068635
CSU.to,2022-02-24,2095.0,2014.9300537109373,2100.0,1995.02001953125,45600.0,,,0.14427906
CSU.to,2022-02-25,2113.56005859375,2080.050048828125,2117.5400390625,2051.889892578125,39800.0,,,0.30793056
CSU.to,2022-02-28,2136.159912109375,2105.97998046875,2138.219970703125,2079.280029296875,47200.0,,,0.30766505
CSU.to,2022-03-01,2136.760009765625,2134.550048828125,2150.360107421875,2109.110107421875,47500.0,,,0.33476773
CSU.to,2022-03-02,2140.0400390625,2134.989990234375,2143.570068359375,2106.0,18491.0,,,0.3280205
CTC-A.to,2022-02-24,185.1699981689453,182.1999969482422,185.3300018310547,178.3000030517578,222700.0,,,0.20946804
CTC-A.to,2022-02-25,185.2700042724609,187.4499969482422,187.4499969482422,182.25999450683597,146900.0,,,0.21278857
CTC-A.to,2022-02-28,186.8699951171875,183.82000732421875,187.1300048828125,183.0,143300.0,,,0.20575829
CTC-A.to,2022-03-01,183.6499938964844,187.72000122070312,187.75,182.77999877929688,111000.0,,,0.21278857
CTC-A.to,2022-03-02,183.19000244140625,184.5800018310547,185.16000366210935,182.4900054931641,71513.0,,,0.20940779
CTC.to,2022-02-17,333.0,333.0,333.0,333.0,0.0,,,0.31170815
CTC.to,2022-02-24,333.1300048828125,333.1300048828125,333.1300048828125,333.1300048828125,400.0,,,0.2631487
CTC.to,2022-02-25,317.2699890136719,317.2699890136719,317.2699890136719,317.2699890136719,200.0,,,0.30409887
CTC.to,2022-02-28,317.2699890136719,317.2699890136719,317.2699890136719,317.2699890136719,0.0,,,0.2754576
CTC.to,2022-03-01,318.010009765625,318.010009765625,318.010009765625,318.010009765625,200.0,,,0.25070128
CU-X.to,2022-02-22,34.869998931884766,34.369998931884766,34.880001068115234,34.369998931884766,600.0,,,0.13435543
CU-X.to,2022-02-23,34.90999984741211,34.95000076293945,34.95000076293945,34.90999984741211,600.0,,,0.13435543
CU-X.to,2022-02-24,34.36000061035156,35.25,35.25,34.36000061035156,4400.0,,,0.13660336
CU-X.to,2022-02-25,34.36000061035156,34.36000061035156,34.36000061035156,34.36000061035156,0.0,,,0.13764648
CU-X.to,2022-03-02,35.540000915527344,35.72999954223633,35.72999954223633,35.540000915527344,201.0,,,0.13552374
CU.to,2022-02-24,34.95000076293945,34.540000915527344,35.16999816894531,34.5099983215332,500400.0,,,0.14014386
CU.to,2022-02-25,35.2400016784668,34.90999984741211,35.5099983215332,34.79999923706055,455200.0,,,0.13831818
CU.to,2022-02-28,35.29999923706055,35.16999816894531,35.41999816894531,35.08000183105469,783100.0,,,0.13831818
CU.to,2022-03-01,35.439998626708984,35.29999923706055,35.59000015258789,35.18000030517578,367600.0,,,0.13831818
CU.to,2022-03-02,35.720001220703125,35.439998626708984,35.7599983215332,35.400001525878906,159855.0,,,0.13906424
CVE.to,2022-02-24,19.290000915527344,19.75,19.790000915527344,18.82999992370605,7435900.0,,,0.3512723
CVE.to,2022-02-25,19.43000030517578,19.31999969482422,19.559999465942383,19.09000015258789,7174000.0,,,0.34357142
CVE.to,2022-02-28,19.93000030517578,19.530000686645508,19.979999542236328,19.420000076293945,11603500.0,,,0.29216185
CVE.to,2022-03-01,19.690000534057617,20.18000030517578,20.34000015258789,19.59000015258789,8431400.0,,,0.33385816
CVE.to,2022-03-02,20.0,20.059999465942383,20.170000076293945,19.739999771118164,6227749.0,,,0.33930147
DOL.to,2022-02-24,64.76000213623047,63.209999084472656,64.88999938964844,62.81999969482422,496300.0,,,0.2147404
DOL.to,2022-02-25,65.27999877929688,64.62999725341797,65.31999969482422,64.0,475300.0,,,0.2215946
DOL.to,2022-02-28,65.5,64.81999969482422,65.56999969482422,64.27999877929688,1299500.0,,,0.19152866
DOL.to,2022-03-01,65.18000030517578,65.12999725341797,65.9000015258789,64.7699966430664,411200.0,,,0.20143963
DOL.to,2022-03-02,66.0,65.2699966430664,66.05000305175781,64.95999908447266,209290.0,,,0.19246717
DOO.to,2022-02-24,89.66999816894531,87.37999725341797,90.16999816894533,85.30999755859375,262400.0,,,0.23870704
DOO.to,2022-02-25,90.9800033569336,90.19000244140624,91.5500030517578,89.5199966430664,140200.0,,,0.34236088
DOO.to,2022-02-28,90.83999633789062,90.0,90.87999725341795,89.30000305175781,139700.0,,,0.34236088
DOO.to,2022-03-01,89.31999969482422,90.83999633789062,91.12000274658205,88.62000274658203,125500.0,,,0.35232902
DOO.to,2022-03-02,92.58000183105467,89.01000213623047,92.91000366210938,89.01000213623047,87032.0,,,0.2386444
DSG.to,2022-02-24,89.81999969482422,84.11000061035156,89.86000061035156,84.11000061035156,169200.0,,,0.14427906
DSG.to,2022-02-25,89.4000015258789,90.12000274658205,90.87999725341795,88.87999725341797,189800.0,,,0.3404287
DSG.to,2022-02-28,90.31999969482422,89.31999969482422,90.4800033569336,89.19000244140625,189500.0,,,0.33570307
DSG.to,2022-03-01,89.95999908447266,89.5999984741211,91.33999633789062,89.5199966430664,127000.0,,,0.3381823
DSG.to,2022-03-02,90.87000274658205,90.68000030517578,91.62000274658205,89.58999633789062,71181.0,,,0.32031527
EMA.to,2022-02-24,59.13999938964844,58.0099983215332,59.43000030517578,58.0,941800.0,,,0.12960601
EMA.to,2022-02-25,59.2599983215332,59.18000030517578,59.93000030517578,59.060001373291016,798100.0,,,0.12960601
EMA.to,2022-02-28,59.29999923706055,59.16999816894531,59.83000183105469,59.15999984741211,1077700.0,,,0.12960601
EMA.to,2022-03-01,59.27999877929688,59.38999938964844,59.66999816894531,58.81999969482422,437800.0,,,0.12960601
EMA.to,2022-03-02,59.75,59.4900016784668,59.790000915527344,59.2400016784668,193757.0,,,0.13035206
EMP-A.to,2022-02-24,39.34999847412109,38.66999816894531,39.38999938964844,38.4900016784668,250000.0,,,0.14352669
EMP-A.to,2022-02-25,39.7400016784668,39.27999877929688,39.790000915527344,39.220001220703125,284100.0,,,0.14520043
EMP-A.to,2022-02-28,39.2599983215332,39.4900016784668,39.810001373291016,39.2599983215332,510300.0,,,0.14718626
EMP-A.to,2022-03-01,39.560001373291016,39.400001525878906,39.630001068115234,39.18000030517578,331400.0,,,0.14017993
EMP-A.to,2022-03-02,40.209999084472656,39.59999847412109,40.25,39.45000076293945,124471.0,,,0.14444186
ENB.to,2022-02-24,53.130001068115234,52.72999954223633,53.18999862670898,52.27999877929688,15892200.0,,,0.13992739
ENB.to,2022-02-25,54.08000183105469,53.209999084472656,54.20000076293945,53.16999816894531,6547100.0,,,0.14616986
ENB.to,2022-02-28,54.7599983215332,53.88999938964844,54.81999969482422,53.77999877929688,9607700.0,,,0.14616986
ENB.to,2022-03-01,55.2599983215332,54.91999816894531,55.79999923706055,54.66999816894531,11948900.0,,,0.14544034
ENB.to,2022-03-02,56.34999847412109,55.560001373291016,56.45000076293945,55.310001373291016,3860905.0,,,0.14313817
FFH.to,2022-02-24,615.0499877929688,601.22998046875,622.760009765625,601.1400146484375,90400.0,,,0.24887785
FFH.to,2022-02-25,621.7999877929688,612.7899780273438,625.4000244140625,610.3900146484375,64500.0,,,0.2570681
FFH.to,2022-02-28,614.4500122070312,613.3300170898438,618.010009765625,606.8400268554688,81900.0,,,0.26218787
FFH.to,2022-03-01,597.02001953125,610.0,613.219970703125,591.489990234375,64900.0,,,0.2776568
FFH.to,2022-03-02,601.1900024414062,597.030029296875,601.6400146484375,589.469970703125,23947.0,,,0.27385333
FM.to,2022-02-24,35.04999923706055,33.79999923706055,35.119998931884766,33.15999984741211,1988600.0,,,0.22061348
FM.to,2022-02-25,36.720001220703125,35.15999984741211,36.7400016784668,34.97999954223633,1303200.0,,,0.21013391
FM.to,2022-02-28,37.16999816894531,36.54999923706055,37.22999954223633,35.790000915527344,2445200.0,,,0.28784117
FM.to,2022-03-01,36.810001373291016,37.369998931884766,38.040000915527344,36.150001525878906,2053700.0,,,0.33977073
FM.to,2022-03-02,36.67499923706055,37.25,38.060001373291016,36.630001068115234,1272132.0,,,0.34334463
FNV.to,2022-02-24,185.57000732421875,190.6999969482422,193.50999450683597,182.8999938964844,1021700.0,,,0.2536923
FNV.to,2022-02-25,186.94000244140625,183.05999755859372,187.2400054931641,182.8999938964844,343000.0,,,0.27655724
FNV.to,2022-02-28,186.66000366210935,188.7100067138672,189.6999969482422,185.2100067138672,669300.0,,,0.2885796
FNV.to,2022-03-01,191.16000366210935,187.41000366210935,194.72000122070312,187.3999938964844,448100.0,,,0.2847154
FNV.to,2022-03-02,189.6699981689453,188.6999969482422,191.1000061035156,187.0,301334.0,,,0.2763756
FSV.to,2022-02-24,184.7899932861328,171.97999572753906,185.6699981689453,171.97999572753906,194700.0,,,0.15289727
FSV.to,2022-02-25,183.8500061035156,184.94000244140625,184.94000244140625,179.0500030517578,147800.0,,,0.32326275
FSV.to,2022-02-28,180.44000244140625,182.7400054931641,183.42999267578125,178.32000732421875,156300.0,,,0.3503303
FSV.to,2022-03-01,181.19000244140625,180.80999755859372,182.97000122070312,178.11000061035156,139700.0,,,0.3448401
FSV.to,2022-03-02,181.82000732421875,182.6199951171875,182.6199951171875,177.83999633789062,37520.0,,,0.33976793
FTS.to,2022-02-24,57.880001068115234,57.2599983215332,58.02000045776367,57.18000030517578,1977200.0,,,0.13120432
FTS.to,2022-02-25,58.150001525878906,58.09999847412109,58.68000030517578,57.880001068115234,2083800.0,,,0.13120432
FTS.to,2022-02-28,58.08000183105469,57.90999984741211,58.470001220703125,57.79999923706055,1906900.0,,,0.13120432
FTS.to,2022-03-01,58.40999984741211,57.93000030517578,58.540000915527344,57.869998931884766,1369400.0,,,0.13120432
FTS.to,2022-03-02,58.810001373291016,58.400001525878906,58.84999847412109,58.29499816894531,373892.0,,,0.13120432
GFL.to,2022-02-24,36.38999938964844,34.529998779296875,36.5099983215332,34.34000015258789,336100.0,,,0.22973406
GFL.to,2022-02-25,37.060001373291016,36.52000045776367,37.27000045776367,35.939998626708984,440900.0,,,0.29916316
GFL.to,2022-02-28,37.060001373291016,36.900001525878906,37.380001068115234,36.5099983215332,655200.0,,,0.32542643
GFL.to,2022-03-01,37.18999862670898,37.09999847412109,37.54999923706055,36.959999084472656,209200.0,,,0.33146158
GFL.to,2022-03-02,37.459999084472656,37.36000061035156,38.04999923706055,37.29999923706055,117129.0,,,0.33146158
GIB-A.to,2022-02-24,104.33000183105467,99.55999755859376,104.56999969482422,99.26000213623048,582500.0,,,0.26780927
GIB-A.to,2022-02-25,104.7300033569336,104.41999816894533,104.8499984741211,102.8499984741211,397600.0,,,0.24354912
GIB-A.to,2022-02-28,103.91999816894533,103.5500030517578,104.27999877929688,102.9000015258789,614800.0,,,0.25768682
GIB-A.to,2022-03-01,103.25,103.97000122070312,104.2699966430664,103.0,391900.0,,,0.25072
GIB-A.to,2022-03-02,104.6999969482422,104.19000244140624,105.18000030517578,102.86000061035156,171980.0,,,0.22770914
GIL.to,2022-02-24,49.959999084472656,49.83000183105469,50.11000061035156,47.79999923706055,902700.0,,,0.2436925
GIL.to,2022-02-25,49.619998931884766,50.0,50.20000076293945,48.68999862670898,691300.0,,,0.31413093
GIL.to,2022-02-28,49.7599983215332,48.790000915527344,49.91999816894531,48.790000915527344,1090000.0,,,0.22715352
GIL.to,2022-03-01,48.52999877929688,49.95000076293945,50.119998931884766,48.33000183105469,815500.0,,,0.3525836
GIL.to,2022-03-02,50.02000045776367,48.84999847412109,50.31999969482422,48.75,623001.0,,,0.24736038
GLXY.to,2022-02-24,15.640000343322754,13.449999809265137,15.859999656677246,13.260000228881836,974000.0,,,0.12687619
GLXY.to,2022-02-25,15.210000038146973,15.859999656677246,16.170000076293945,15.050000190734863,349500.0,,,0.3426439
GLXY.to,2022-02-28,16.530000686645508,15.34000015258789,16.530000686645508,15.34000015258789,469100.0,,,0.20769171
GLXY.to,2022-03-01,17.200000762939453,17.850000381469727,17.850000381469727,16.100000381469727,684500.0,,,0.21713375
GLXY.to,2022-03-02,17.709999084472656,17.360000610351562,18.38999938964844,16.8799991607666,490356.0,,,0.26087835
GWO.to,2022-02-24,37.9900016784668,38.02999877929688,38.380001068115234,37.65999984741211,4183300.0,,,0.15164824
GWO.to,2022-02-25,38.25,38.04999923706055,38.36000061035156,37.93000030517578,2940200.0,,,0.14315253
GWO.to,2022-02-28,38.130001068115234,38.150001525878906,38.150001525878906,37.790000915527344,2079200.0,,,0.14475189
GWO.to,2022-03-01,37.33000183105469,38.20000076293945,38.20000076293945,37.16999816894531,13971200.0,,,0.15164824
GWO.to,2022-03-02,37.18999862670898,36.900001525878906,37.220001220703125,36.77000045776367,5248695.0,,,0.15164824
H.to,2022-02-24,31.290000915527344,30.670000076293945,31.3799991607666,30.61000061035156,1159300.0,,,0.13428973
H.to,2022-02-25,31.239999771118164,31.040000915527344,31.350000381469727,30.520000457763672,1742300.0,,,0.14889845
H.to,2022-02-28,31.299999237060547,31.0,31.59499931335449,30.96999931335449,1555900.0,,,0.14303908
H.to,2022-03-01,31.399999618530277,31.309999465942383,31.700000762939453,31.149999618530277,968900.0,,,0.14138296
H.to,2022-03-02,31.90999984741211,31.350000381469727,32.08000183105469,31.350000381469727,614854.0,,,0.14255127
IAG.to,2022-02-24,75.9800033569336,75.48999786376953,76.73999786376953,74.94000244140625,300300.0,,,0.2321425
IAG.to,2022-02-25,76.68000030517578,76.52999877929688,76.68000030517578,75.70999908447266,241600.0,,,0.22890034
IAG.to,2022-02-28,75.30999755859375,75.9800033569336,76.4800033569336,74.80000305175781,390200.0,,,0.23486534
IAG.to,2022-03-01,72.97000122070312,75.25,75.25,72.80000305175781,417000.0,,,0.24936214
IAG.to,2022-03-02,74.68000030517578,73.5999984741211,74.97000122070312,73.01000213623047,122668.0,,,0.23278353
IFC.to,2022-02-24,181.5500030517578,178.13999938964844,181.8999938964844,177.44000244140625,285400.0,,,0.1450542
IFC.to,2022-02-25,182.4499969482422,182.0,183.0,181.3800048828125,199000.0,,,0.13701457
IFC.to,2022-02-28,181.7899932861328,181.5,182.13999938964844,179.72000122070312,399000.0,,,0.13815786
IFC.to,2022-03-01,180.57000732421875,181.1000061035156,182.8000030517578,180.3500061035156,294600.0,,,0.13815786
IFC.to,2022-03-02,181.72999572753903,181.50999450683597,182.27999877929688,179.9499969482422,100868.0,,,0.13430138
IGM.to,2022-02-24,44.33000183105469,43.9900016784668,44.470001220703125,43.58000183105469,344900.0,,,0.19525039
IGM.to,2022-02-25,45.290000915527344,44.790000915527344,45.619998931884766,44.52999877929688,186700.0,,,0.19347565
IGM.to,2022-02-28,45.02999877929688,45.9900016784668,45.9900016784668,44.630001068115234,627800.0,,,0.20855623
IGM.to,2022-03-01,44.40999984741211,45.2400016784668,45.33000183105469,44.150001525878906,201000.0,,,0.20897171
IGM.to,2022-03-02,44.93999862670898,44.68999862670898,45.2400016784668,44.59999847412109,123461.0,,,0.20366022
IMO.to,2022-02-24,55.02000045776367,56.40999984741211,56.59999847412109,54.18000030517578,2066200.0,,,0.2846791
IMO.to,2022-02-25,55.65999984741211,55.08000183105469,55.97999954223633,54.900001525878906,905400.0,,,0.28631812
IMO.to,2022-02-28,56.88999938964844,55.52999877929688,56.970001220703125,55.470001220703125,2385100.0,,,0.26286694
IMO.to,2022-03-01,56.93999862670898,57.15999984741211,57.59999847412109,56.540000915527344,3600500.0,,,0.28638607
IMO.to,2022-03-02,57.88999938964844,57.13999938964844,57.970001220703125,57.08000183105469,842784.0,,,0.256948
IVN.to,2022-02-24,11.380000114440918,11.359999656677246,11.529999732971191,11.220000267028809,1576700.0,,,0.3352363
IVN.to,2022-02-25,11.859999656677246,11.40999984741211,11.869999885559082,11.270000457763672,1482400.0,,,0.13546568
IVN.to,2022-02-28,12.899999618530272,11.789999961853027,13.149999618530272,11.640000343322754,4866600.0,,,0.15893832
IVN.to,2022-03-01,12.449999809265137,12.960000038146973,13.06999969482422,12.399999618530272,2351400.0,,,0.34060588
IVN.to,2022-03-02,12.585000038146973,12.600000381469728,12.68000030517578,12.31999969482422,902455.0,,,0.33368912
K.to,2022-02-24,6.800000190734863,7.21999979019165,7.230000019073486,6.670000076293945,13344500.0,,,0.25290567
K.to,2022-02-25,7.03000020980835,6.699999809265137,7.099999904632568,6.670000076293945,5341700.0,,,0.13173471
K.to,2022-02-28,6.320000171661377,6.889999866485596,6.96999979019165,6.320000171661377,15025900.0,,,0.35129756
K.to,2022-03-01,6.619999885559082,6.349999904632568,6.630000114440918,6.349999904632568,10090300.0,,,0.13353065
K.to,2022-03-02,6.820000171661377,6.449999809265137,6.824999809265137,6.449999809265137,4149459.0,,,0.24922529
KL.to,2022-02-03,48.43999862670898,48.470001220703125,49.08000183105469,48.02000045776367,660400.0,,,0.34748602
KL.to,2022-02-04,48.75,48.02000045776367,49.27000045776367,48.02000045776367,439900.0,,,0.34936947
KL.to,2022-02-07,49.40999984741211,48.810001373291016,49.720001220703125,48.68000030517578,883900.0,,,0.34182504
KL.to,2022-02-08,48.70000076293945,49.41999816894531,50.16999816894531,48.70000076293945,12173100.0,,,0.3452992
KL.to,2022-02-09,49.709999084472656,49.11000061035156,50.65999984741211,49.09000015258789,2985000.0,,,0.32090992
L.to,2022-02-24,101.05999755859376,95.12000274658205,101.48999786376952,95.01000213623048,694500.0,,,0.15201165
L.to,2022-02-25,100.9499969482422,99.56999969482422,101.43000030517578,97.37000274658205,810300.0,,,0.16559766
L.to,2022-02-28,98.87000274658205,99.91999816894533,100.62999725341795,98.4499969482422,1081900.0,,,0.18886232
L.to,2022-03-01,98.0199966430664,98.83999633789062,99.63999938964844,97.6500015258789,497200.0,,,0.19151263
L.to,2022-03-02,99.2300033569336,98.12999725341795,99.6500015258789,98.01499938964844,220593.0,,,0.16497815
LSPD.to,2022-02-24,33.2599983215332,29.09000015258789,33.2599983215332,28.600000381469727,1422600.0,,,0.12564157
LSPD.to,2022-02-25,33.5,33.54999923706055,33.939998626708984,31.709999084472656,1056300.0,,,0.359191
LSPD.to,2022-02-28,33.29999923706055,33.2400016784668,34.75,33.13999938964844,1237800.0,,,0.36167023
LSPD.to,2022-03-01,32.619998931884766,33.40999984741211,34.59000015258789,32.16999816894531,929200.0,,,0.37727767
LSPD.to,2022-03-02,31.90999984741211,33.0,33.099998474121094,31.1299991607666,773491.0,,,0.37727767
MFC.to,2022-02-24,25.440000534057617,25.350000381469727,25.700000762939453,25.1299991607666,23280200.0,,,0.19974245
MFC.to,2022-02-25,25.899999618530277,25.690000534057617,25.96999931335449,25.61000061035156,9621100.0,,,0.19441815
MFC.to,2022-02-28,25.68000030517578,25.5,25.729999542236328,25.420000076293945,18518700.0,,,0.1925993
MFC.to,2022-03-01,24.850000381469727,25.65999984741211,25.690000534057617,24.71999931335449,7388300.0,,,0.22084147
MFC.to,2022-03-02,25.30500030517578,25.0,25.3700008392334,25.0,2395292.0,,,0.21796162
MG.to,2022-02-24,94.08000183105467,92.68000030517578,94.1500015258789,90.9000015258789,1355200.0,,,0.2420609
MG.to,2022-02-25,96.66000366210938,94.73999786376952,97.4800033569336,93.91999816894533,1014800.0,,,0.290539
MG.to,2022-02-28,94.16999816894533,94.83999633789062,95.69000244140624,93.5199966430664,944200.0,,,0.34791762
MG.to,2022-03-01,86.73999786376953,93.22000122070312,93.3000030517578,86.29000091552734,2419500.0,,,0.34838614
MG.to,2022-03-02,89.33999633789062,87.80999755859375,89.72000122070312,85.80000305175781,1030200.0,,,0.2126016
MRU.to,2022-02-24,66.83000183105469,65.6500015258789,66.94999694824219,65.48999786376953,693700.0,,,0.14336422
MRU.to,2022-02-25,67.26000213623047,67.0,67.4000015258789,66.4000015258789,328000.0,,,0.14161977
MRU.to,2022-02-28,66.16000366210938,66.93000030517578,67.08999633789062,65.83999633789062,1216000.0,,,0.16289502
MRU.to,2022-03-01,66.02999877929688,66.02999877929688,66.47000122070312,65.61000061035156,570700.0,,,0.16449438
MRU.to,2022-03-02,66.7699966430664,66.18000030517578,66.7699966430664,65.45999908447266,219650.0,,,0.14851613
NA.to,2022-02-24,100.83000183105467,98.0,100.97000122070312,98.0,1802400.0,,,0.14599478
NA.to,2022-02-25,102.77999877929688,102.23999786376952,103.25,101.68000030517578,1331700.0,,,0.14783342
NA.to,2022-02-28,101.62999725341795,101.70999908447266,102.4499969482422,100.9499969482422,1871000.0,,,0.147748
NA.to,2022-03-01,99.62999725341795,101.08999633789062,101.61000061035156,99.23999786376952,2095600.0,,,0.14657968
NA.to,2022-03-02,100.91999816894533,99.6999969482422,101.08999633789062,99.6999969482422,570535.0,,,0.147748
NCM.to,2022-02-24,23.100000381469727,23.399999618530277,23.600000381469727,22.600000381469727,900.0,,,0.31558725
NCM.to,2022-02-25,23.100000381469727,23.100000381469727,23.100000381469727,23.100000381469727,0.0,,,0.31310803
NCM.to,2022-02-28,23.5,23.549999237060547,23.549999237060547,22.5,3700.0,,,0.2234195
NCM.to,2022-03-01,23.5,23.5,23.5,21.81999969482422,1200.0,,,0.21759526
NCM.to,2022-03-02,23.5,23.0,23.549999237060547,23.0,829.0,,,0.32408163
NGT.to,2022-02-24,85.41999816894531,89.04000091552734,89.94999694824219,83.80000305175781,482500.0,,,0.24227825
NGT.to,2022-02-25,86.2300033569336,84.19999694824219,87.01000213623047,84.08000183105469,225700.0,,,0.28231996
NGT.to,2022-02-28,84.01000213623047,87.08999633789062,87.08999633789062,83.22000122070312,425400.0,,,0.30632386
NGT.to,2022-03-01,87.91999816894531,84.87000274658203,88.04000091552734,84.62000274658203,260700.0,,,0.13672149
NGT.to,2022-03-02,88.22000122070312,86.06999969482422,88.29000091552734,85.44000244140625,177756.0,,,0.2824287
NPI.to,2022-02-24,37.66999816894531,36.459999084472656,38.130001068115234,36.459999084472656,832300.0,,,0.18056767
NPI.to,2022-02-25,38.09999847412109,38.5,38.5,37.77999877929688,917600.0,,,0.18056767
NPI.to,2022-02-28,40.29999923706055,38.33000183105469,40.38999938964844,38.20000076293945,1828300.0,,,0.17591558
NPI.to,2022-03-01,41.459999084472656,40.29999923706055,41.470001220703125,40.27999877929688,1051100.0,,,0.17551504
NPI.to,2022-03-02,41.38999938964844,41.290000915527344,41.81999969482422,40.790000915527344,440788.0,,,0.18410237
NTR.to,2022-02-24,99.19000244140624,95.1999969482422,99.72000122070312,95.1999969482422,2584100.0,,,0.14166188
NTR.to,2022-02-25,103.16999816894533,99.72000122070312,103.1999969482422,98.23999786376952,2121800.0,,,0.13977167
NTR.to,2022-02-28,109.01000213623048,103.6999969482422,109.1999969482422,103.16999816894533,3860300.0,,,0.13571015
NTR.to,2022-03-01,108.2300033569336,108.79000091552734,111.87999725341795,107.0999984741211,2610400.0,,,0.3002844
NTR.to,2022-03-02,110.11000061035156,109.30999755859376,114.08000183105467,109.30999755859376,1881279.0,,,0.28935775
NVEI.to,2022-02-24,67.43000030517578,63.310001373291016,67.43000030517578,62.02999877929688,774300.0,,,0.16903467
NVEI.to,2022-02-25,67.43000030517578,67.97000122070312,68.63999938964844,65.61000061035156,292100.0,,,0.32703644
NVEI.to,2022-02-28,68.80999755859375,67.5,71.19999694824219,67.0,1026600.0,,,0.31713596
NVEI.to,2022-03-01,65.73999786376953,68.73999786376953,69.69999694824219,65.11000061035156,324600.0,,,0.3381876
NVEI.to,2022-03-02,65.12000274658203,66.38999938964844,66.79000091552734,64.43000030517578,120009.0,,,0.32455721
ONEX.to,2022-02-24,84.58000183105469,83.05999755859375,85.0,82.86000061035156,194300.0,,,0.29388633
ONEX.to,2022-02-25,86.19999694824219,85.98999786376953,86.75,85.0999984741211,164300.0,,,0.28227124
ONEX.to,2022-02-28,85.12000274658203,85.05000305175781,85.2300033569336,82.3499984741211,326300.0,,,0.28406847
ONEX.to,2022-03-01,83.16000366210938,82.83999633789062,84.62000274658203,82.38999938964844,147000.0,,,0.28763878
ONEX.to,2022-03-02,84.36000061035156,83.5,84.9000015258789,83.16999816894531,125304.0,,,0.28280386
OTEX.to,2022-02-24,55.02999877929688,52.77999877929688,55.130001068115234,52.560001373291016,985400.0,,,0.28165773
OTEX.to,2022-02-25,55.43000030517578,55.09000015258789,55.52999877929688,54.18999862670898,710400.0,,,0.28914174
OTEX.to,2022-02-28,55.15999984741211,55.0099983215332,55.65999984741211,54.83000183105469,778300.0,,,0.28443393
OTEX.to,2022-03-01,54.45000076293945,55.02000045776367,55.2400016784668,54.18000030517578,632100.0,,,0.28443393
OTEX.to,2022-03-02,54.9900016784668,54.470001220703125,55.09999847412109,54.220001220703125,202835.0,,,0.26940924
OVV.to,2022-02-24,50.900001525878906,52.22999954223633,52.7400016784668,49.0,606600.0,,,0.23310103
OVV.to,2022-02-25,52.63999938964844,50.72999954223633,52.880001068115234,49.86000061035156,583600.0,,,0.13267031
OVV.to,2022-02-28,57.970001220703125,53.06999969482422,58.119998931884766,52.9900016784668,774500.0,,,0.12333072
OVV.to,2022-03-01,60.06999969482422,58.880001068115234,60.75,58.36000061035156,501800.0,,,0.27727142
OVV.to,2022-03-02,60.86000061035156,61.040000915527344,62.31999969482422,59.86000061035156,389327.0,,,0.3405344
POW.to,2022-02-24,39.47999954223633,38.880001068115234,39.59000015258789,38.59000015258789,2217900.0,,,0.15322638
POW.to,2022-02-25,39.52000045776367,39.66999816894531,39.77999877929688,39.29999923706055,2142500.0,,,0.15162702
POW.to,2022-02-28,39.09000015258789,39.0,39.31999969482422,38.869998931884766,2761100.0,,,0.15322638
POW.to,2022-03-01,38.79999923706055,39.04999923706055,39.09999847412109,38.59999847412109,2015600.0,,,0.15322638
POW.to,2022-03-02,38.9900016784668,38.900001525878906,39.22999954223633,38.88999938964844,872487.0,,,0.13968334
PPL.to,2022-02-24,41.84000015258789,41.40999984741211,42.08000183105469,41.310001373291016,1655700.0,,,0.1713472
PPL.to,2022-02-25,42.43000030517578,41.5,43.0,41.400001525878906,3424900.0,,,0.17136374
PPL.to,2022-02-28,43.09999847412109,42.380001068115234,43.09999847412109,42.33000183105469,5595400.0,,,0.17136374
PPL.to,2022-03-01,44.08000183105469,43.43000030517578,44.77000045776367,43.43000030517578,3339100.0,,,0.1784576
PPL.to,2022-03-02,45.59999847412109,44.63999938964844,45.63999938964844,44.52999877929688,1625349.0,,,0.16089526
QSP-UN.to,2022-02-22,73.1500015258789,73.1500015258789,73.1500015258789,73.1500015258789,0.0,,,0.13754654
QSP-UN.to,2022-02-23,71.0199966430664,71.0199966430664,71.0199966430664,71.0199966430664,100.0,,,0.14243343
QSP-UN.to,2022-02-24,71.54000091552734,70.0,71.54000091552734,70.0,300.0,,,0.13754654
QSP-UN.to,2022-02-25,71.86000061035156,71.2300033569336,71.86000061035156,71.2300033569336,400.0,,,0.13754654
QSP-UN.to,2022-02-28,71.86000061035156,71.86000061035156,71.86000061035156,71.86000061035156,0.0,,,0.13754654
QSR.to,2022-02-24,71.73999786376953,70.30000305175781,71.79000091552734,69.6500015258789,921400.0,,,0.22176726
QSR.to,2022-02-25,72.4000015258789,71.95999908447266,72.5999984741211,70.83000183105469,435800.0,,,0.23519531
QSR.to,2022-02-28,70.94999694824219,71.5,71.68000030517578,70.44999694824219,963200.0,,,0.28250256
QSR.to,2022-03-01,69.5999984741211,70.69000244140625,70.69000244140625,69.25,1001000.0,,,0.29129466
QSR.to,2022-03-02,70.88999938964844,69.98999786376953,71.05000305175781,69.81999969482422,367642.0,,,0.27908617
RBA.to,2022-02-24,66.62999725341797,63.27999877929688,66.7300033569336,63.27999877929688,300700.0,,,0.1357132
RBA.to,2022-02-25,66.30000305175781,66.55999755859375,66.83999633789062,65.72000122070312,220400.0,,,0.3445746
RBA.to,2022-02-28,66.43000030517578,66.11000061035156,66.83000183105469,65.68000030517578,321300.0,,,0.3445746
RBA.to,2022-03-01,68.97000122070312,66.5999984741211,69.5999984741211,66.30999755859375,263700.0,,,0.14088525
RBA.to,2022-03-02,71.87999725341797,69.0999984741211,72.12999725341797,69.0999984741211,204761.0,,,0.2115762
RCI-A.to,2022-02-24,66.0,66.1500015258789,66.97000122070312,65.26000213623047,7100.0,,,0.16288055
RCI-A.to,2022-02-25,66.63999938964844,65.76000213623047,66.69999694824219,65.76000213623047,6000.0,,,0.15525363
RCI-A.to,2022-02-28,66.4800033569336,66.70999908447266,66.70999908447266,65.72000122070312,1000.0,,,0.15338083
RCI-A.to,2022-03-01,65.62000274658203,65.4000015258789,65.62000274658203,65.4000015258789,400.0,,,0.15478076
RCI-A.to,2022-03-02,67.75,66.6500015258789,67.75,66.6500015258789,2278.0,,,0.16268149
RCI-B.to,2022-02-24,65.62999725341797,65.38999938964844,65.69999694824219,64.77999877929688,1879400.0,,,0.13810839
RCI-B.to,2022-02-25,65.81999969482422,65.7300033569336,66.43000030517578,65.52999877929688,823300.0,,,0.1394939
RCI-B.to,2022-02-28,65.48999786376953,65.4000015258789,65.80999755859375,65.08999633789062,2753600.0,,,0.1378733
RCI-B.to,2022-03-01,65.58999633789062,65.5999984741211,66.01000213623047,64.94999694824219,3263000.0,,,0.1394939
RCI-B.to,2022-03-02,67.41000366210938,65.91999816894531,67.41000366210938,65.76000213623047,4419046.0,,,0.14609319
RY.to,2022-02-24,137.61000061035156,135.3800048828125,138.6999969482422,135.3800048828125,7836000.0,,,0.15651365
RY.to,2022-02-25,140.3699951171875,139.0,141.33999633789062,138.24000549316406,3658400.0,,,0.14805466
RY.to,2022-02-28,140.2100067138672,138.4199981689453,140.50999450683594,138.05999755859375,4802100.0,,,0.14805466
RY.to,2022-03-01,137.39999389648438,139.89999389648438,139.94000244140625,136.9199981689453,3673500.0,,,0.15378249
RY.to,2022-03-02,138.2449951171875,137.64999389648438,139.75999450683594,137.64999389648438,1465067.0,,,0.15378249
SAP.to,2022-02-24,31.059999465942383,30.450000762939453,31.11000061035156,30.270000457763672,837200.0,,,0.26752955
SAP.to,2022-02-25,30.8799991607666,31.07999992370605,31.239999771118164,30.649999618530277,427400.0,,,0.2687195
SAP.to,2022-02-28,31.059999465942383,30.649999618530277,31.36000061035156,30.43000030517578,1104600.0,,,0.27192032
SAP.to,2022-03-01,30.399999618530277,31.06999969482422,31.06999969482422,30.350000381469727,451800.0,,,0.28533137
SAP.to,2022-03-02,30.709999084472656,30.399999618530277,30.809999465942383,30.399999618530277,223718.0,,,0.28019455
SJR-B.to,2022-02-24,37.400001525878906,37.11000061035156,37.59999847412109,37.11000061035156,1295100.0,,,0.12960601
SJR-B.to,2022-02-25,37.58000183105469,37.380001068115234,37.650001525878906,37.33000183105469,1060100.0,,,0.12960601
SJR-B.to,2022-02-28,38.0099983215332,37.45000076293945,38.08000183105469,37.43999862670898,4092400.0,,,0.12960601
SJR-B.to,2022-03-01,38.04999923706055,38.08000183105469,38.150001525878906,37.77000045776367,606900.0,,,0.12960601
SJR-B.to,2022-03-02,38.43999862670898,38.09999847412109,38.47999954223633,38.04999923706055,342949.0,,,0.13035206
SLF.to,2022-02-24,66.41999816894531,66.37999725341797,66.87999725341797,65.52999877929688,4018600.0,,,0.15164824
SLF.to,2022-02-25,67.29000091552734,66.93000030517578,67.44000244140625,66.5999984741211,1369400.0,,,0.14940031
SLF.to,2022-02-28,66.66000366210938,66.6500015258789,66.83999633789062,66.05000305175781,2992600.0,,,0.15322638
SLF.to,2022-03-01,65.04000091552734,65.83999633789062,66.05000305175781,64.62000274658203,8456000.0,,,0.17770465
SLF.to,2022-03-02,66.05999755859375,65.22000122070312,66.12000274658203,65.22000122070312,2582250.0,,,0.16730577
STN.to,2022-02-24,66.01000213623047,64.9800033569336,66.05000305175781,63.11000061035156,390300.0,,,0.17997871
STN.to,2022-02-25,63.81999969482422,65.76000213623047,65.76000213623047,63.220001220703125,462600.0,,,0.23289481
STN.to,2022-02-28,62.9900016784668,62.810001373291016,63.27999877929688,61.33000183105469,567800.0,,,0.23002142
STN.to,2022-03-01,62.209999084472656,62.369998931884766,63.43000030517578,62.060001373291016,233300.0,,,0.3199949
STN.to,2022-03-02,63.040000915527344,62.29999923706055,63.060001373291016,62.29999923706055,125566.0,,,0.22525391
SU.to,2022-02-24,37.02999877929688,37.880001068115234,37.95000076293945,36.22999954223633,20485900.0,,,0.24705744
SU.to,2022-02-25,37.84000015258789,37.0,37.84999847412109,36.90999984741211,8008800.0,,,0.3113755
SU.to,2022-02-28,38.7599983215332,38.0,38.77999877929688,37.720001220703125,25747500.0,,,0.26609492
SU.to,2022-03-01,39.20000076293945,39.150001525878906,39.880001068115234,38.77999877929688,13700200.0,,,0.3132398
SU.to,2022-03-02,39.77000045776367,39.68000030517578,40.18000030517578,39.560001373291016,10784886.0,,,0.30092296
Shop.to,2022-02-24,850.6199951171875,752.0,855.239990234375,752.0,356800.0,,,0.12687619
Shop.to,2022-02-25,859.9500122070312,864.9000244140625,875.0,821.0999755859375,371700.0,,,0.33979908
Shop.to,2022-02-28,879.9199829101562,863.510009765625,890.3699951171875,848.5900268554688,373900.0,,,0.33317396
Shop.to,2022-03-01,858.3300170898438,874.75,900.1500244140625,855.0,268200.0,,,0.34903094
Shop.to,2022-03-02,840.1199951171875,862.1400146484375,862.1400146484375,807.27001953125,158926.0,,,0.34847102
T.to,2022-02-24,31.959999084472656,31.229999542236328,31.979999542236328,31.11000061035156,5758700.0,,,0.13709219
T.to,2022-02-25,32.34000015258789,32.0,32.56999969482422,31.959999084472656,4081100.0,,,0.13783824
T.to,2022-02-28,32.0099983215332,32.13999938964844,32.31999969482422,31.88999938964844,3213700.0,,,0.1359489
T.to,2022-03-01,32.02000045776367,31.940000534057617,32.25,31.90999984741211,2903100.0,,,0.13398176
T.to,2022-03-02,32.540000915527344,32.099998474121094,32.54999923706055,32.06999969482422,1603490.0,,,0.13398176
TD.to,2022-02-24,102.33999633789062,100.83000183105467,102.37999725341795,100.3000030517578,6317900.0,,,0.15738533
TD.to,2022-02-25,104.68000030517578,103.01000213623048,105.04000091552734,102.73999786376952,3790200.0,,,0.16596681
TD.to,2022-02-28,102.27999877929688,103.3000030517578,103.91000366210938,101.66000366210938,6171500.0,,,0.16850519
TD.to,2022-03-01,98.91000366210938,102.1500015258789,102.25,98.45999908447266,6611900.0,,,0.18963827
TD.to,2022-03-02,100.9499969482422,99.3499984741211,101.25,99.3499984741211,2426172.0,,,0.18505394
TECK-A.to,2022-02-24,48.47999954223633,49.47999954223633,49.47999954223633,45.560001373291016,1137.0,,,0.332905
TECK-A.to,2022-02-25,48.34999847412109,49.56999969482422,49.56999969482422,48.34999847412109,929.0,,,0.332905
TECK-A.to,2022-02-28,48.0,47.9900016784668,48.2599983215332,47.2400016784668,5264.0,,,0.3236362
TECK-A.to,2022-03-01,49.84999847412109,47.7400016784668,49.95000076293945,47.7400016784668,1612.0,,,0.23258199
TECK-A.to,2022-03-02,51.09999847412109,49.11000061035156,51.09999847412109,49.11000061035156,2326.0,,,0.31277245
TECK-B.to,2022-02-24,44.650001525878906,43.650001525878906,45.75,43.09999847412109,2441147.0,,,0.23444182
TECK-B.to,2022-02-25,46.77999877929688,44.970001220703125,46.79999923706055,44.869998931884766,2206635.0,,,0.13898486
TECK-B.to,2022-02-28,45.63999938964844,45.5,45.95000076293945,44.380001068115234,4630406.0,,,0.23065494
TECK-B.to,2022-03-01,46.9900016784668,45.75,48.08000183105469,45.61000061035156,3305381.0,,,0.18957591
TECK-B.to,2022-03-02,48.9900016784668,47.5,49.25,47.18999862670898,1791455.0,,,0.22562884
TFII.to,2022-02-24,130.3000030517578,125.04000091552734,130.39999389648438,124.43000030517578,182200.0,,,0.28946072
TFII.to,2022-02-25,131.32000732421875,130.61000061035156,132.7899932861328,129.83999633789062,149800.0,,,0.29962927
TFII.to,2022-02-28,132.1199951171875,132.88999938964844,132.88999938964844,130.82000732421875,336600.0,,,0.30495912
TFII.to,2022-03-01,131.27000427246094,132.14999389648438,133.5800018310547,130.47000122070312,211100.0,,,0.3135089
TFII.to,2022-03-02,133.97999572753906,131.02999877929688,134.7100067138672,130.92999267578125,140390.0,,,0.31472537
TIH.to,2022-02-24,105.94000244140624,103.2300033569336,106.16000366210938,103.12000274658205,147800.0,,,0.22147503
TIH.to,2022-02-25,106.81999969482422,106.04000091552734,107.0199966430664,105.54000091552734,95100.0,,,0.2225255
TIH.to,2022-02-28,107.44000244140624,106.4499969482422,107.69000244140624,105.91999816894533,183900.0,,,0.21687014
TIH.to,2022-03-01,106.8499984741211,107.5,108.22000122070312,106.4000015258789,90100.0,,,0.20994295
TIH.to,2022-03-02,109.30999755859376,107.63999938964844,109.98999786376952,107.62000274658205,62860.0,,,0.22038186
TIXT.to,2022-02-23,29.979999542236328,30.3799991607666,30.399999618530277,29.399999618530277,198100.0,,,0.3306987
TIXT.to,2022-02-24,30.959999084472656,29.1299991607666,31.059999465942383,29.0,143000.0,,,0.14488736
TIXT.to,2022-02-25,31.15999984741211,30.790000915527344,31.209999084472656,30.3799991607666,146000.0,,,0.32821947
TIXT.to,2022-02-28,31.170000076293945,30.649999618530277,31.31999969482422,30.649999618530277,162200.0,,,0.32821947
TIXT.to,2022-03-02,31.270000457763672,30.850000381469727,31.420000076293945,30.520000457763672,61544.0,,,0.32821947
TOU.to,2022-02-24,47.959999084472656,47.650001525878906,48.119998931884766,46.59999847412109,1507000.0,,,0.28358483
TOU.to,2022-02-25,48.220001220703125,48.0,48.59999847412109,47.2599983215332,1514400.0,,,0.34600595
TOU.to,2022-02-28,50.0,48.970001220703125,50.08000183105469,48.09999847412109,2578100.0,,,0.14325675
TOU.to,2022-03-01,52.310001373291016,50.5,52.34999847412109,50.34000015258789,2281500.0,,,0.15418507
TOU.to,2022-03-02,51.380001068115234,52.88999938964844,53.22999954223633,51.209999084472656,749197.0,,,0.33838525
TPX-A.to,2022-02-15,65.0,65.0,65.0,65.0,0.0,,,0.20972925
TPX-A.to,2022-02-16,65.0,65.0,65.0,65.0,100.0,,,0.19788341
TPX-A.to,2022-02-25,66.08000183105469,65.94999694824219,66.08000183105469,65.94999694824219,700.0,,,0.17732692
TPX-A.to,2022-02-28,72.02999877929688,72.02999877929688,72.02999877929688,72.02999877929688,300.0,,,0.18231587
TPX-A.to,2022-03-01,66.0,66.0,66.0,66.0,1000.0,,,0.22087345
TPX-B.to,2022-02-24,63.0,64.0,64.0,62.5,1100.0,,,0.17522572
TPX-B.to,2022-02-25,66.9000015258789,63.20000076293945,67.05000305175781,63.20000076293945,8300.0,,,0.18317409
TPX-B.to,2022-02-28,66.30000305175781,66.55999755859375,66.55999755859375,66.30000305175781,900.0,,,0.1804504
TPX-B.to,2022-03-01,64.5,63.0099983215332,64.51000213623047,63.0,1400.0,,,0.1911892
TPX-B.to,2022-03-02,64.75,64.75,64.75,64.75,347.0,,,0.19173937
TRI.to,2022-02-24,128.55999755859375,123.70999908447266,128.75,123.08000183105467,822800.0,,,0.22103833
TRI.to,2022-02-25,128.44000244140625,129.00999450683594,129.2100067138672,127.11000061035156,288000.0,,,0.21879174
TRI.to,2022-02-28,128.16000366210938,127.61000061035156,128.36000061035156,126.62000274658205,716100.0,,,0.21727386
TRI.to,2022-03-01,129.94000244140625,128.10000610351562,130.22999572753906,128.0399932861328,389300.0,,,0.20832942
TRI.to,2022-03-02,131.27000427246094,130.17999267578125,131.57000732421875,129.25,183645.0,,,0.18886454
TRP.to,2022-02-24,65.87999725341797,66.33999633789062,66.6500015258789,65.45999908447266,4797100.0,,,0.14548905
TRP.to,2022-02-25,66.68000030517578,65.51000213623047,67.0,65.51000213623047,2422100.0,,,0.14548905
TRP.to,2022-02-28,68.0999984741211,66.55000305175781,68.11000061035156,66.36000061035156,5786900.0,,,0.14305952
TRP.to,2022-03-01,68.12999725341797,68.0,68.69999694824219,67.54000091552734,2100800.0,,,0.13777219
TRP.to,2022-03-02,69.75,68.4000015258789,69.75499725341797,68.38999938964844,1158959.0,,,0.13633882
WCN.to,2022-02-24,155.60000610351562,148.4600067138672,155.9199981689453,148.4600067138672,604800.0,,,0.1872048
WCN.to,2022-02-25,157.4199981689453,155.72999572753906,157.67999267578125,154.9600067138672,326200.0,,,0.17514971
WCN.to,2022-02-28,156.5,157.0399932861328,157.99000549316406,155.75999450683594,437100.0,,,0.15947655
WCN.to,2022-03-01,160.27000427246094,156.5,160.3800048828125,156.39999389648438,801500.0,,,0.15822387
WCN.to,2022-03-02,162.5399932861328,160.99000549316406,163.24000549316406,159.30999755859375,210269.0,,,0.15822387
WFG.to,2022-02-24,120.54000091552734,114.87999725341795,120.8499984741211,114.43000030517578,479400.0,,,0.16480622
WFG.to,2022-02-25,123.95999908447266,120.97000122070312,124.01000213623048,120.12000274658205,356500.0,,,0.2763969
WFG.to,2022-02-28,126.5199966430664,123.12000274658205,126.79000091552734,122.5500030517578,785000.0,,,0.220979
WFG.to,2022-03-01,127.0500030517578,126.93000030517578,130.1300048828125,126.4499969482422,581900.0,,,0.34868705
WFG.to,2022-03-02,126.8000030517578,127.98999786376952,128.4600067138672,125.56999969482422,195205.0,,,0.33893174
WN.to,2022-02-24,138.69000244140625,132.89999389648438,138.97000122070312,132.50999450683594,215100.0,,,0.16853371
WN.to,2022-02-25,138.94000244140625,138.60000610351562,139.27000427246094,135.8800048828125,147000.0,,,0.15451002
WN.to,2022-02-28,137.44000244140625,137.9600067138672,138.36000061035156,136.32000732421875,225100.0,,,0.15291171
WN.to,2022-03-01,136.14999389648438,137.02000427246094,137.94000244140625,135.19000244140625,132800.0,,,0.15558964
WN.to,2022-03-02,139.32000732421875,136.58999633789062,139.8000030517578,136.58999633789062,111132.0,,,0.15291171
WPM.to,2022-02-24,54.72999954223633,57.34999847412109,57.880001068115234,53.79999923706055,1681900.0,,,0.30375633
WPM.to,2022-02-25,55.84000015258789,54.09000015258789,55.91999816894531,53.91999816894531,1585500.0,,,0.21779579
WPM.to,2022-02-28,55.540000915527344,56.4900016784668,56.63999938964844,54.900001525878906,2030800.0,,,0.31126365
WPM.to,2022-03-01,58.41999816894531,55.709999084472656,58.560001373291016,55.68999862670898,1600900.0,,,0.13373582
WPM.to,2022-03-02,57.08000183105469,57.40999984741211,58.36000061035156,56.54999923706055,726929.0,,,0.30432624
WSP.to,2022-02-24,148.7899932861328,145.0,148.89999389648438,145.0,360600.0,,,0.22800952
WSP.to,2022-02-25,150.4600067138672,148.85000610351562,150.50999450683594,146.77999877929688,204100.0,,,0.29223403
WSP.to,2022-02-28,155.50999450683594,151.50999450683594,155.69000244140625,150.4600067138672,415300.0,,,0.1679009
WSP.to,2022-03-01,157.4600067138672,157.97999572753906,159.0,155.3300018310547,354000.0,,,0.2930331
WSP.to,2022-03-02,159.27999877929688,158.85000610351562,159.41000366210938,156.2899932861328,106038.0,,,0.2726533
